Count,ProductID,Score
1, B00005V9I0,68.8172043011
2, B00867F2AW,63.4615384615
3, B000JJRY7O,92.3076923077
4, B000FOR9XW,76.0
5, B004XSHQCK,0
6, B001B9YBSQ,66.6666666667
7, B000FOR9XM,80.487804878
8, B001U5S2WM,83.1325301205
9, B001659HF2,66.6666666667
10, 6303626572,0
11, B007EMEOEA,40.0
12, B0018CWW96,73.3333333333
13, B004KPSDUA,95.8333333333
14, 630024847X,88.0
15, B004A8X04Q,0
16, B000AC7ORU,50.0
17, B0096RC57O,92.8571428571
18, B000A6T2BW,48.4722222222
19, B000MKXFCS,94.9152542373
20, B001JXPC28,70.4545454545
21, B000YTI3QA,90.7284768212
22, B007AJMC4Q,53.5294117647
23, B002CWWN0Y,36.3636363636
24, B000063USN,84.4036697248
25, B00005JYAY,69.7513812155
26, 6304170408,81.0035842294
27, B000Y8KM3I,66.6666666667
28, B00005Y6YL,60.5263157895
29, B000JR8HOU,0
30, 1567301193,82.2429906542
31, B000A6T2BM,78.5
32, B004M7N40U,42.3076923077
33, 5550111950,100.0
34, B000BGR0N8,67.2131147541
35, B003X3BY8S,76.9230769231
36, 630310200X,85.0
37, B0001DHSC4,94.0677966102
38, B0001GH7VS,74.6987951807
39, B000EGDAR0,93.1818181818
40, B000UYX49U,100.0
41, 6301007581,71.25
42, B001LMU1A0,84.7736625514
43, B000JJRY7Y,50.0
44, B00000I4S0,100.0
45, B0015L7BNW,94.2857142857
46, 6303957013,75.7575757576
47, B00005AWQK,100.0
48, B00005AWQJ,100.0
49, 6300218767,100.0
50, 0784011532,71.0691823899
51, B00005AWQE,100.0
52, B00076ON5U,61.8181818182
53, B0000544LY,87.6712328767
54, B007Q9BWPA,100.0
55, B007FDT0IS,0
56, B00005AWQY,81.4917127072
57, B00005AWQV,79.0697674419
58, B00005AWQU,85.4545454545
59, B0018CWW9Q,54.07239819
60, B00005AWQQ,57.1428571429
61, B0006GAOLI,50.0
62, B0007R4T5I,100.0
63, 0783227981,54.1841004184
64, B000TMKN6U,65.3594771242
65, B0042W0BQA,100.0
66, B00000F566,68.1190223167
67, B004916TQA,36.3636363636
68, B00064N6VU,100.0
69, B000CBEX3M,60.0
70, B00005A8TU,66.9724770642
71, B002WNU0QC,51.2195121951
72, 6304040164,77.2727272727
73, B007HJ9QMA,62.0
74, B00005UF9K,73.590504451
75, B0000C8AXJ,0
76, B00005A8TX,95.1219512195
77, 6305146187,100.0
78, B00005O5BN,81.2030075188
79, B004CZZZVS,75.0
80, B000EWBNZK,85.1851851852
81, 6303338666,37.9746835443
82, B002JVX0JG,100.0
83, B000OYCNXY,0
84, 6302179661,61.1111111111
85, B0002UP0KS,98.9052236472
86, B001BHI0I0,0
87, B00006JU7L,81.8181818182
88, B00006JU7O,60.0
89, B00742GOP2,45.4545454545
90, B0009E337E,0
91, 6303103359,85.4545454545
92, B0076AEN1O,66.6666666667
93, B000669AV8,97.247706422
94, B000A2X3HU,50.0
95, B001NY71UO,71.4776632302
96, B00004CLDV,58.9285714286
97, B00004CLDW,72.4489795918
98, 6302316359,0
99, 1565019601,98.0392156863
100, 078401115X,79.6610169492
101, B004VUR68O,96.9696969697
102, B00004CLDI,69.7068403909
103, B00004CLDJ,74.7663551402
104, 6304524439,71.978021978
105, B00004CLDD,59.0457256461
106, B00004CLDF,53.9509536785
107, 6304092040,62.5
108, B0007VY5IU,91.2195121951
109, B00004CLDC,59.7429305913
110, B0006N2DS8,73.5294117647
111, B007RS3GWW,52.6515151515
112, B000H0MN5S,33.3333333333
113, 6301415833,76.7676767677
114, B008474ZX4,77.7777777778
115, B000QBW7KY,75.5813953488
116, B0006GAOL8,84.5849802372
117, 6300207978,93.3333333333
118, B00005KB5B,100.0
119, B004O0CK8C,100.0
120, 6303998690,83.5820895522
121, 0792845773,99.1525423729
122, B0047C0FXO,41.6666666667
123, 6305340854,0
124, B000BB1MEG,89.1304347826
125, B0054S8NDY,0
126, B007VHCKJO,88.1578947368
127, B001HXLBCA,91.6666666667
128, B004GIZX3Q,95.652173913
129, 630438548X,52.0
130, B000H5U65W,50.6329113924
131, B0045V6FRC,69.9115044248
132, 6305507597,100.0
133, B0001M1JN4,100.0
134, B000UGBOT0,69.6324951644
135, B00004CQ08,66.6666666667
136, B0036DBMMI,26.5306122449
137, B0000DG00X,0
138, 6302643651,84.4444444444
139, 6304095775,73.8095238095
140, 6302590353,75.0
141, B0027IAX46,100.0
142, B002I9Z8GM,57.765876052
143, B000I0I1JO,53.4246575342
144, B001BSWUYY,100.0
145, B000EULJJ2,100.0
146, B00004CO63,100.0
147, B001GMQ3AM,82.8282828283
148, B000I9TX1U,30.0
149, 6300246299,90.9090909091
150, B004LB5FEA,98.5507246377
151, 6301880447,81.9209039548
152, B0070225F4,0
153, B0017LIH38,40.0
154, B004LB5FEK,100.0
155, B001MWUWSA,0.0
156, 6304646127,37.9310344828
157, B002W7IH0Y,90.9657320872
158, B003VE9WTW,93.6708860759
159, B000TXPXC8,53.8461538462
160, 6301920813,0
161, 6302719429,67.8571428571
162, 630354472X,50.0
163, B0000CDL9L,94.4444444444
164, B0054YCDQ6,92.7272727273
165, B004NYYDHU,66.6666666667
166, B000QXCZQ8,100.0
167, B0056HTEIQ,43.75
168, B008BSM1EG,33.3333333333
169, 0790750708,69.2167577413
170, B000CQQIB2,14.8148148148
171, B0000C66B8,59.670781893
172, B00005226W,84.3866171004
173, B00701QUDS,85.7142857143
174, 6304286961,50.4807692308
175, 6304962142,0
176, 1562229567,100.0
177, B003VADS1E,67.5324675325
178, B001MWUWSK,83.3333333333
179, B009CI66OA,0
180, B00402FGQ2,75.0
181, B00005Q5N4,50.0
182, B000FGFBR6,100.0
183, 6304462689,88.2352941176
184, 6301699599,49.4258612082
185, B003VR0BGC,77.7777777778
186, B000F9RL9Y,85.393258427
187, B00000405W,70.3703703704
188, B00000JLUT,0
189, B00004CQT3,81.0126582278
190, B001GUYAZY,86.8876080692
191, B000NDFHYS,58.5858585859
192, B0071AD9KK,94.6808510638
193, B000HIP456,56.0
194, 6303356699,100.0
195, B0042W131W,50.0
196, B000YQP56E,60.0
197, B000056PPF,85.3846153846
198, B000FGFBRG,100.0
199, 6304696698,90.9090909091
200, B000056PPE,84.6153846154
201, 1585651052,100.0
202, B00005MFO8,64.0946103141
203, B0099VUXCQ,0
204, B000F0UUOG,100.0
205, B0002A2VR8,75.0
206, B00925T8YI,100.0
207, B0018Z5C54,0.0
208, 0792146220,91.3043478261
209, 6300147967,90.6593406593
210, 6302431832,100.0
211, B000BKVROC,72.0
212, B000A9QKL4,94.2028985507
213, 6303467245,0
214, B002YKY9QK,85.7142857143
215, B000CNESZS,100.0
216, 6303239315,100.0
217, B00013EY80,100.0
218, B0048KUAJY,64.3884892086
219, B00006G8I7,82.3529411765
220, B0006MGQVO,0
221, B003QWVPT4,72.7574750831
222, B00006JMSK,75.0
223, 6305290814,100.0
224, B0000UX52K,78.3847980998
225, 6302232163,100.0
226, 6301387090,40.2985074627
227, B0066O0NP6,0.0
228, B00006JMSS,71.4285714286
229, B00004I9Z1,93.9534883721
230, B0034GK75A,100.0
231, B006QQ6X80,95.2380952381
232, B000BNZP0Q,100.0
233, B002B239JE,50.0
234, B004RAJ1D6,100.0
235, B000AE8L2U,84.9056603774
236, B000BKKMO8,100.0
237, 6300215067,33.3333333333
238, B000SM6FBS,0.0
239, B00004CUGE,50.0
240, B00199PPF6,73.9130434783
241, B006TKR5W6,0
242, B00000I4S3,100.0
243, B002EWD0IG,90.9090909091
244, B000QUCNRC,56.1403508772
245, B000AE8L2A,46.1538461538
246, B00006AUMW,100.0
247, B003F4F75Q,50.0
248, B000AE8L2K,69.4444444444
249, B000QUCNR2,0.0
250, B000I8EGHW,78.3439490446
251, B000AE8L20,72.8813559322
252, B000X5SMXY,66.5829145729
253, B000FUF758,60.7142857143
254, B000I9YX60,51.8248175182
255, B005HVWW6M,77.6315789474
256, 6304005512,92.7325581395
257, B0045TOM6K,0.0
258, B00149JKDE,75.0
259, B000BYA5IC,85.9649122807
260, B0007N1A2M,90.0
261, B0002IQKFE,0
262, B002AJLMNS,66.6666666667
263, B00006G8IV,72.7272727273
264, B0034GK750,70.9090909091
265, B004G5PZ00,0.0
266, B00005LKLN,75.3125
267, B000N8V3WS,0
268, B000SKO8DC,100.0
269, B000W90J0U,62.5
270, B003U80I5G,95.1219512195
271, 630284200X,87.0786516854
272, B000FOQ19U,50.0
273, B003QWVPTE,100.0
274, B00006G8IL,100.0
275, B00005KFTG,64.2857142857
276, B00005KFTF,64.2857142857
277, B008SAPAYA,95.0
278, B000KF0P2I,61.2903225806
279, B00005KFTA,47.3498233216
280, B0014Z4OOI,48.8095238095
281, B003IMERAQ,0
282, B001R0AYI0,87.5
283, 5554663931,25.0
284, B0018CWW9G,73.3333333333
285, B005ZMBBR4,68.0751173709
286, B008SAPAYU,0
287, B000B19E8W,51.4285714286
288, B000003O0Z,72.5581395349
289, B000KF0P2S,100.0
290, B005G5PNOW,100.0
291, B00005U14H,69.2466460268
292, B000MTFFM2,85.0
293, B00005U14N,100.0
294, B00005U14O,95.8333333333
295, 6304578466,100.0
296, B00005U14B,100.0
297, B00005U14C,96.2962962963
298, B004XSUBE0,0
299, 6301945328,100.0
300, B00005U14D,84.2105263158
301, B00005U14E,100.0
302, B0002DB568,86.0
303, B0036BDQ38,100.0
304, B000KJYYXK,90.0
305, B0006GAI6O,69.3006357856
306, B002DPRW1U,100.0
307, B0002DB56I,63.1578947368
308, B0041XQRR2,63.8580931264
309, B000MTFFMC,41.1764705882
310, B00005U149,66.6666666667
311, B0050XU11U,0
312, B000226A0K,100.0
313, B00005U142,100.0
314, 6305746540,57.1428571429
315, 6302038030,40.0
316, B00005U141,93.3333333333
317, B00005U146,60.0
318, B00005U147,80.487804878
319, B0000CDL98,78.2945736434
320, B00005U145,75.5555555556
321, B001DXC3EE,98.5294117647
322, B00006HAWN,70.5521472393
323, 6301630688,42.9530201342
324, B00062IZGI,100.0
325, B000ANVPP6,87.0967741935
326, B005DVIPXA,65.2709359606
327, B00006HAWA,89.552238806
328, B00062IZGS,66.6666666667
329, B000KF0P28,82.962962963
330, B00006HAWZ,66.6666666667
331, B0014Z4OO8,0
332, B003CJUWVI,83.7837837838
333, B005ZMBBRY,68.0751173709
334, B0000D0YWG,92.3076923077
335, B005HFH2W2,0
336, B00009OWJQ,76.8361581921
337, B002AS3H5K,100.0
338, B00009OWJT,64.6551724138
339, B004LWZW7O,58.981233244
340, B000GB5M5Q,100.0
341, B0001LQJW6,85.7142857143
342, B009NB42LA,0
343, B002HH1E1S,80.198019802
344, B002NEWO96,100.0
345, 6302761298,91.6666666667
346, B008YKQC6E,100.0
347, B002MZZT66,83.3333333333
348, B00008YRU1,70.8955223881
349, B005TZFYUM,36.4705882353
350, B0002WZT7K,64.7540983607
351, B00004RSZD,82.9113924051
352, 1433502569,33.3333333333
353, B003J7HO9Q,85.1851851852
354, 6301008804,56.6666666667
355, B006MQ0GQE,33.3333333333
356, B002C8CBLO,0
357, B0038WU0W0,92.0
358, B005QB2JR0,75.0
359, B006UANE8E,100.0
360, B00006LLJ4,65.6701030928
361, B004LB5FDQ,86.6666666667
362, B000J3EYSC,0
363, 0790733382,70.5263157895
364, B0049IHX36,100.0
365, B003J7HO96,66.6666666667
366, B0010XSL4S,82.3943661972
367, B000NJMJGQ,64.1379310345
368, 0790751267,62.0689655172
369, 1571884327,0
370, 0790732033,80.8823529412
371, B003YBHZ28,90.9090909091
372, 0767815335,81.843575419
373, B0017LGQK4,73.6842105263
374, B0002DRDFK,30.0
375, B003DEQQTO,42.5
376, B0009Y7DSY,100.0
377, B002VVAJHU,0
378, B0038WU0WA,68.4210526316
379, B00005A8TW,52.4096385542
380, 6302336678,80.0
381, B003WJ80M6,53.8904899135
382, B00005A8TV,54.9065420561
383, B000ASATIU,55.5555555556
384, 630487250X,83.3333333333
385, B00004RSZ5,88.8888888889
386, B0001Z3HIG,61.2612612613
387, B008494LJU,0
388, 6302918928,96.5517241379
389, B008Q5M8T2,100.0
390, B000YAF4MA,57.6227390181
391, B0042KZJN2,74.0740740741
392, B0001LQJWG,66.6666666667
393, B00092997Y,54.329004329
394, B004FHLLFC,80.9523809524
395, B0007N1JYG,100.0
396, B00004CQT4,0.0
397, B000MGTT4K,85.7142857143
398, B000MGTT4U,90.0
399, B0006IWQIU,60.2791878173
400, 0767002652,91.0891089109
401, B002NQWQKQ,12.5
402, B000BB1ME6,100.0
403, B006WDECNK,0
404, B0000C8ASH,92.3076923077
405, 6301966961,96.6666666667
406, 6300213056,50.0
407, 0790701251,63.7817497648
408, B000ZOT8MM,100.0
409, B006JIUN2W,100.0
410, B000067A8B,66.7984189723
411, B000067A8A,53.125
412, B002NQWQK6,12.5
413, B004HW7JO2,73.4786557675
414, B000A2XANW,85.2941176471
415, B0084NZEC4,83.3333333333
416, B0041EX170,25.0
417, B004K4FUY8,92.3076923077
418, 6303279554,0
419, B000DZ6VDW,100.0
420, B000E33VZ4,82.6180257511
421, B000A2X3HK,100.0
422, B001D2651M,100.0
423, B000AYEL9W,77.1739130435
424, B000AXWH7G,79.5918367347
425, B001TK29GS,100.0
426, B000PTYRPA,95.652173913
427, B00005HXDV,90.0
428, B004HW7JOM,57.9439252336
429, B000AYEL9M,38.8888888889
430, B000067A80,75.7575757576
431, 6300233316,100.0
432, B007MJSZYA,66.6666666667
433, B00008WFTU,65.2173913043
434, B000EMF9B4,81.3953488372
435, B0040LAH9O,0
436, B001C0NMWK,0.0
437, B002BW5ZSW,84.1463414634
438, 6304653638,100.0
439, 6305280703,71.5447154472
440, B007OWUZE8,75.0
441, 630530159X,0
442, B000NOKM9M,100.0
443, B001MRL6GW,100.0
444, 6302783305,100.0
445, 6304107242,68.5185185185
446, B000A2X3HA,81.8181818182
447, B002KBG4TS,0
448, B000JJ5F7U,100.0
449, B000LC3IBK,100.0
450, B000F8O3PU,52.6315789474
451, B000C3L2OI,66.6666666667
452, B0002S65PE,88.3720930233
453, B004ULNJOO,0
454, B000W90JD2,90.9090909091
455, B0002S65PO,45.4545454545
456, B000FGG5IA,100.0
457, B000CCD1XY,83.5051546392
458, B000CCD1XE,100.0
459, B003TJSNLC,74.4680851064
460, B000W0RORA,86.0465116279
461, 1569381704,100.0
462, 6302458900,89.7435897436
463, B000CCD1XO,97.2222222222
464, B000JJ5F7K,100.0
465, B003HLVCKQ,75.0
466, B0045XOS60,61.1898016997
467, B003ODKZXW,70.0
468, B0007NMK2Q,87.5
469, B000EOU4NA,88.2352941176
470, B00004CRA7,79.347826087
471, B00004CRA6,62.1659634318
472, 6303269680,70.5882352941
473, B000EQ5V8G,71.554770318
474, B0030ZIZQI,53.9877300613
475, 630399654X,70.0
476, 6303144837,77.5
477, B000EQ5V86,71.554770318
478, B008IG09KE,44.4444444444
479, B00242KDEK,96.9696969697
480, B000053ZVG,100.0
481, B00782O82Y,80.0
482, B000FZETSO,0
483, B00004CRAB,100.0
484, B005VXBQO0,54.5454545455
485, B000CCD1X4,76.8421052632
486, B001UNY0Q6,45.2173913043
487, B003PXEP96,0
488, B000JJ5F70,57.1428571429
489, B000T4SWXO,52.7114967462
490, B003CJNFGM,0
491, 6301392388,0
492, B003152YZA,77.0833333333
493, B003C5FN6Q,76.4705882353
494, 6301646045,76.8115942029
495, B0002S65P4,80.0
496, B000Z6RH3W,62.5
497, B000T12ILY,72.0
498, 6304481101,81.8181818182
499, B002HK9INQ,87.610619469
500, B001TJKVVO,0
501, B005IV55JW,100.0
502, B0002PYS4M,97.3333333333
503, B001N3B32M,62.1832358674
504, B005529OFA,93.7592867756
505, B001CE9DAG,40.0
506, B000065KB0,81.4545454545
507, B008R52L4I,0
508, B003VY893C,80.0
509, B003VY893M,70.8333333333
510, B000B8IA44,61.038961039
511, B000B8IA4O,61.038961039
512, B0007VY4O0,100.0
513, B008R52L48,75.0
514, 6301007638,91.6666666667
515, B003VY8932,90.0
516, 6304602871,61.4035087719
517, B0009OL90W,90.0
518, B000VJDTTO,50.0
519, 6301966422,90.9090909091
520, B0009OL90M,68.9655172414
521, 6305949816,0.0
522, B00652U6LU,0
523, 1570762589,93.6708860759
524, 6303182488,65.2173913043
525, B001QBBJUC,71.2328767123
526, B002LMSWNC,52.8062970568
527, 6302533244,80.0
528, B003BV8IBI,66.6666666667
529, B0016CP36M,0
530, B000H0M47U,100.0
531, B002FCAQJG,95.92760181
532, B000AJREL4,100.0
533, B004R6VHPK,93.8775510204
534, B000QDLMZS,80.5263157895
535, B0012Q3T40,100.0
536, B000X9JZVI,0
537, B003NEQ74S,61.8055555556
538, B00004CJ1R,66.3265306122
539, B00004CJ1W,81.7391304348
540, B0001OGV3U,100.0
541, B001T46TUG,83.9622641509
542, 630188437X,100.0
543, B000OIOPUY,0
544, B001R10BKU,100.0
545, B004EPYZQ2,45.7184325109
546, B000C20VSW,77.5330396476
547, B0010XOKM0,66.6666666667
548, B000068QO9,91.1330049261
549, B000068QO8,88.5245901639
550, B00004CLDB,0
551, B00008G5ZV,100.0
552, B008H6GHL0,19.8198198198
553, B00029NM4A,71.0659898477
554, B0054PSXXM,54.0983606557
555, B001ENGTY8,0
556, 6300213994,75.0405186386
557, 1561587133,90.2597402597
558, B000068QOZ,50.0
559, 6304792352,42.8571428571
560, B000068QOG,63.6363636364
561, B000068QOF,100.0
562, B000068QOE,91.1330049261
563, B000068QOD,85.9375
564, B000068QOC,92.3076923077
565, B000068QOB,88.5245901639
566, B00005BJP1,50.0
567, B004EPYZQM,41.9527896996
568, B000CQQI9E,80.3921568627
569, 6304542313,100.0
570, B0068FZ05Q,66.0158311346
571, B000HXDTHG,50.0
572, B004SCMGSU,70.0787401575
573, B00005BJP4,83.3333333333
574, B002CWKTZA,100.0
575, B00022VM5S,83.3333333333
576, B000F6ZPKY,78.2608695652
577, 0792837649,76.6355140187
578, B003XQ2WS6,0.0
579, B005B5PD92,0.0
580, B00022VM5I,69.6691176471
581, B00005O5BI,100.0
582, B0001ADAVK,65.1515151515
583, 6305101132,100.0
584, B007K7IBJI,80.0
585, B0006IUDQM,76.2711864407
586, B00005V9IG,58.7360594796
587, B001P24UZI,0
588, B002NE4HAU,0
589, B0036XN2SK,85.0
590, B004D6O6G6,66.7938931298
591, B000A1IM90,51.8518518519
592, B0016OZ89C,94.4444444444
593, B000006BNC,98.3606557377
594, B001KQF9VS,0
595, B0009S2KM4,0.0
596, B0051WTN32,89.0510948905
597, 6301928334,58.5
598, B002AFX550,0.0
599, B000USU90S,46.0063897764
600, B001GU04LI,73.3333333333
601, 076782184X,61.9883040936
602, B009M0BBPC,56.3025210084
603, B0014ERKO0,48.2788671024
604, B004I0EX8I,75.0
605, B000PDZIVS,50.0
606, B00004UEEU,63.4831460674
607, B004HYDL1K,43.186037876
608, B007D93HM4,53.5294117647
609, B001OMT62Q,0
610, B00005BJPE,95.5223880597
611, B002GML5SG,100.0
612, B008G4NDRO,50.8588750421
613, B000F2CA8S,60.0
614, 6304173083,68.75
615, B0002EJ87U,0.0
616, 6301976029,80.1608579088
617, B001J88VJY,100.0
618, B00630KME0,0
619, 6302739918,91.6666666667
620, 6302280222,67.0731707317
621, B002U607HS,100.0
622, B007K7IBJ8,83.3333333333
623, B000QXCP5Y,20.0
624, B00005Y6YS,68.8311688312
625, B000OYTPJO,68.3748169839
626, B004TKKXAY,72.2222222222
627, B00005Y6YP,95.3333333333
628, 6304239343,87.1794871795
629, 1888147687,100.0
630, B003DWDSSS,83.2061068702
631, 6302571944,0
632, B009K37SUS,100.0
633, 6303296416,81.8181818182
634, B0009OUC5U,87.9518072289
635, B003UU3TO6,60.0
636, B00005BJPQ,86.3636363636
637, B00005UF9O,45.7912457912
638, B00287Z1FC,76.2711864407
639, B002EP8TVQ,100.0
640, 6304455992,50.0
641, 6303037569,100.0
642, B000SNB5L2,100.0
643, 6304888465,63.8888888889
644, B0000V45Y6,50.0
645, B002B900BM,90.0
646, B0000633X9,85.7142857143
647, B0000633X8,89.4736842105
648, B0000633X0,97.8723404255
649, B0000633X5,66.6666666667
650, B0000633X4,100.0
651, B0000633X6,58.7301587302
652, 6304696108,83.3333333333
653, 6304179499,81.1188811189
654, 6302371376,91.8032786885
655, B007SNZCY6,70.9677419355
656, B0009XRZ92,77.9450508092
657, B0000633XC,81.1320754717
658, B00005Y6YM,80.6306306306
659, B0000V45YQ,72.131147541
660, B0028O34N6,100.0
661, B00004CIIE,75.0
662, B00005BJPX,86.3636363636
663, 6303628389,0
664, B000068C2L,65.0793650794
665, B008NNY8CW,100.0
666, B000Y11BGC,0
667, B00004RF5K,83.8709677419
668, B00005BJPW,86.3829787234
669, B00005NQ51,59.1666666667
670, B0024NSG2U,90.0
671, 6303078281,87.5
672, B00287Z1F2,75.327510917
673, 6305233438,95.652173913
674, B00005Y6YG,96.6666666667
675, B001S6PMYO,66.6666666667
676, B001GN23GO,0
677, B000N5X090,100.0
678, B004P7CME6,53.8461538462
679, B003PX4S9I,79.2975970425
680, B0016XR5T4,43.75
681, B000NOIVTA,66.6666666667
682, B007XF0X4I,59.7222222222
683, B00006DXXS,78.5714285714
684, B00006DXXR,76.9230769231
685, B00006DXXQ,91.6666666667
686, B000NOIVTK,68.8172043011
687, 630403945X,78.2608695652
688, 1892649039,87.0967741935
689, B000O76RMO,0
690, B00005MI3Z,82.7586206897
691, B00005MI3X,100.0
692, B00006DXXI,70.7006369427
693, B000NVI2JM,100.0
694, B00006SKTX,63.1399317406
695, B00006SKTT,37.6146788991
696, B00006SKTW,37.6146788991
697, 6302722055,71.4285714286
698, B002AH5XLM,0.0
699, B001AO2OMC,25.0
700, B00006SKTO,100.0
701, B0014T9G74,57.1428571429
702, B00004RF5N,0.0
703, B000VII4D6,65.3767820774
704, B000056AW1,57.6923076923
705, B003K4Y7NO,50.0
706, B00005Y6Y1,65.625
707, B0018BF0TQ,100.0
708, B0094MOQ0K,47.4576271186
709, 6305078483,91.5492957746
710, B001T89LXO,79.1666666667
711, B00006SKT1,64.4736842105
712, B006UTDH6O,34.9206349206
713, 6302241359,42.8571428571
714, B0092MDYV4,46.875
715, B004V2FVQG,0
716, B0088VQ0V6,100.0
717, B001T89LXY,86.3945578231
718, B004LB5FE0,83.8709677419
719, B004M8SRHY,54.5454545455
720, B00006DXX6,43.4782608696
721, B0063NQTR6,64.2857142857
722, B003TWEM6E,92.3076923077
723, B000MX7UZI,84.6153846154
724, 6300186075,100.0
725, B00000I9PH,57.1428571429
726, 6303149405,85.4166666667
727, B003TWEM6O,40.0
728, B000NOIVT0,66.8161434978
729, B004AAJJWQ,0
730, B002ZRZVVY,0
731, 6305529833,33.3333333333
732, B000IZJR3I,78.5714285714
733, B004LI4E3G,0
734, B006ML50VU,91.7355371901
735, B0029FWGOM,73.4848484848
736, 6303031498,100.0
737, B00006DXXV,0
738, B00104AZD2,72.8813559322
739, B0048KQQC4,72.3076923077
740, 6302795931,100.0
741, 6303343635,91.6666666667
742, B004SOUASQ,90.7975460123
743, B00827OWSO,89.8104265403
744, B0056NEK20,58.8235294118
745, B002SVTBFO,79.6875
746, B000G1ALYI,100.0
747, B0000USUO8,88.2629107981
748, B000ANT21A,50.0
749, B003E113OE,100.0
750, B0087ZG7RK,79.7362110312
751, B0029D1AMI,56.6265060241
752, B004W7X45A,0
753, B000FPDWCI,87.5
754, B001AZI236,87.9551820728
755, B002MLC9PE,100.0
756, 1566230004,100.0
757, B000N2HD7I,93.4426229508
758, B001HADE32,100.0
759, B005E7SFH4,84.7222222222
760, B000N2HD78,100.0
761, B004YCKJ74,59.6648044693
762, B00009KU71,97.7528089888
763, B0035L1PDW,87.2340425532
764, B005E7SFHE,100.0
765, B000LXHFUO,16.6666666667
766, B0035L1PDC,62.6628895184
767, B00001IVEI,43.119266055
768, 6302959632,0
769, 6303416624,50.0
770, B000M2PPKQ,91.3385826772
771, B004AAJJW6,100.0
772, 0967809401,75.0
773, B001ARWW0S,72.9016786571
774, B000G1ALY8,50.0
775, B0009GV9R8,0
776, B000UV00T0,100.0
777, B003SRDJT6,0
778, 6305104352,100.0
779, 6301801180,80.6451612903
780, B006QUF0QW,71.2264150943
781, B000UVV25G,100.0
782, B0007OCG4W,49.0498812352
783, B002WNU0Q2,72.7272727273
784, 6303593593,83.6820083682
785, B004J876T2,0
786, B000FDEV02,28.3018867925
787, B0006U5UPO,83.0985915493
788, 6302353742,77.0833333333
789, B003GAB2LW,0
790, B000OAD7C4,80.6818181818
791, B000I9WVZU,58.2938388626
792, B000067J1I,65.6488549618
793, 6305988838,0
794, B002KLQ2XG,86.5384615385
795, B002P9K9SM,91.6666666667
796, B002P9K9SW,96.1904761905
797, B0000DK4QB,71.9626168224
798, B0000DK4QE,53.4391534392
799, B0000DK4QD,48.275862069
800, B0000DK4QK,60.2409638554
801, B0000DK4QJ,65.6701030928
802, B0000DK4QI,74.7121535181
803, B0002BO0V2,100.0
804, B00005952Q,93.7007874016
805, B0000DK4QL,55.230125523
806, B00005YQY5,100.0
807, B000T5O49E,67.2727272727
808, B000TGUUG4,75.0
809, B000O599VC,91.9504643963
810, B000O599VM,60.6451612903
811, 6303928455,16.6666666667
812, B004BF0DMU,0
813, B001JPC4N6,86.2559241706
814, 6302091594,100.0
815, B000O599VW,59.2592592593
816, B003RLEWOY,33.3333333333
817, B004BBL52G,58.0204778157
818, 6301973461,61.1262985238
819, 6302405939,49.9263622975
820, B00005TNFY,97.5609756098
821, B007I39G3O,85.7142857143
822, B008Q00I2Q,61.4561027837
823, B00007ELMT,68.4210526316
824, B0041Y3VRU,65.0224215247
825, B0047WJ12K,81.3633520951
826, 6300142299,100.0
827, 630194822X,0
828, B000FDEV0W,0.0
829, B007C7V4BS,0
830, B0018SU8AK,60.0
831, 6305447292,74.5856353591
832, 1891664026,40.0
833, B00005AQ4I,85.2941176471
834, B007GUHRC6,64.8275862069
835, B005BQTUU4,77.7777777778
836, B001CT05JE,54.6875
837, B007JNR4WI,70.8695652174
838, 6302717329,100.0
839, B000F0UTW4,100.0
840, 6300266850,60.0
841, 6301303016,78.3333333333
842, B005MRKL2S,0
843, B00008DDKN,90.9090909091
844, B002I9Z8GW,57.765876052
845, B004JM9CCW,100.0
846, B005FIXA6S,100.0
847, 6303341098,100.0
848, B000MQ7B1I,71.6262975779
849, B000KRN25I,74.1935483871
850, B0009GX1Y2,72.7272727273
851, 0780621247,70.5882352941
852, B000OU28J2,45.5882352941
853, B003BM374K,66.4092664093
854, 630015839X,60.0
855, B004ZWHZUC,0
856, B001BTODXE,100.0
857, B004TPJN2S,80.3797468354
858, B008M34Y72,86.5671641791
859, 6303154735,77.9661016949
860, B0018Z0QUA,88.0
861, B00004WM3D,68.7066974596
862, B00004WM3E,0
863, B00005U8EY,91.6666666667
864, 6303579485,80.0
865, 630356254X,79.7385620915
866, B0000V6SBY,88.2352941176
867, 5556167281,79.3289394847
868, B0009GX1YC,50.0
869, B00004WM3W,85.2941176471
870, 6303960332,50.0
871, 0764004492,100.0
872, B001E6W8AY,52.0710059172
873, B0049FFVGU,53.024911032
874, B001DY8IE2,0.0
875, B009NYU1CQ,76.9230769231
876, B00009ATIX,53.7037037037
877, B0000WU79C,0
878, 6301045734,100.0
879, B0044IJ1S6,70.5167173252
880, B003BUAP10,100.0
881, 6303296882,50.0
882, B002VECMHC,66.6666666667
883, 6300215857,95.4545454545
884, B00067BBR8,75.6756756757
885, 1585651788,92.5925925926
886, B002I2PI1Y,100.0
887, B005AZHGRU,50.0
888, 6302703832,98.5507246377
889, B006RKAUOS,43.75
890, 0767874692,73.0769230769
891, 6302999421,69.2307692308
892, 6302626684,75.0
893, B000C1V8A8,75.0
894, B0058M07US,94.623655914
895, B0055PK79E,0
896, B00005U8EV,85.7827476038
897, B006MWA8O8,79.1666666667
898, B002EWD0IQ,60.0
899, 630320497X,93.0481283422
900, B000ZN71JK,25.0
901, B000VNMMRK,100.0
902, B004WM0NCW,45.4545454545
903, B008X1O7KM,68.622754491
904, B0008ENIM0,15.3846153846
905, B002B7CFR6,81.5789473684
906, B000BLRPOW,100.0
907, B005CXOGAU,43.0976430976
908, B004X4R1DI,83.3333333333
909, 6303935532,0
910, 6302518296,59.2592592593
911, B0012GS6WA,0
912, B00097E6NQ,81.8181818182
913, B0007VY49K,0
914, B000BZISVW,80.7692307692
915, B00062R85W,77.5
916, B0002VGSKS,80.0
917, B001U3YNKO,84.4827586207
918, 6303286399,83.3333333333
919, B0058RN746,48.0
920, B004097IKW,84.2975206612
921, B0008ENIMK,100.0
922, 6304945175,100.0
923, B000CELOV8,56.8965517241
924, B000IY069I,40.0
925, B001MW5UUA,100.0
926, B002OHDRF2,56.0995184591
927, B00006LU76,96.2962962963
928, B00006LU75,100.0
929, B000068TTX,88.8888888889
930, B00006LU72,100.0
931, B000068TTU,82.3529411765
932, B000028U32,100.0
933, B0006VY6MG,66.6666666667
934, B000KCHZ6A,0
935, B000E221F6,100.0
936, 0934837120,88.2352941176
937, B000MGV8US,66.6666666667
938, B000AJJMZA,64.5161290323
939, B000068TTB,86.4583333333
940, B0095D5454,50.8676789588
941, B00005IA7Z,58.2608695652
942, B005I5C5OQ,42.7800269906
943, B000068TTD,63.9625585023
944, B000LJAELA,62.2950819672
945, B001OASRAA,100.0
946, B000RZIGWM,55.0724637681
947, B001G9LVB6,84.2696629213
948, B0016AU882,16.6666666667
949, B0016H3I46,73.4693877551
950, B0041KKZH8,78.6956521739
951, B00015HUWK,30.8823529412
952, B000OLQXW4,65.0
953, B000067NQL,81.3559322034
954, 6303945147,90.9803921569
955, 6304092083,100.0
956, B000W1SZ9U,59.4458438287
957, B000067NQX,68.9655172414
958, B0041FZQPE,60.824742268
959, B0000CDL9F,96.6666666667
960, B0000CDL9I,100.0
961, B0000CDL9H,100.0
962, B0000CDL9K,0
963, B0000CDL9M,58.4615384615
964, B000067NQV,86.9565217391
965, 0783233477,79.5081967213
966, B000A3XZ2W,93.9393939394
967, B003WTO5MK,62.3059866962
968, B0000CDL95,71.7557251908
969, B004KPQL86,95.6204379562
970, B0000CDL97,80.0
971, B0000CDL96,80.0
972, B0000CDL99,78.2945736434
973, B004LSAAUC,84.9765258216
974, B000JLTS8A,68.5714285714
975, B0010XOVSI,82.3943661972
976, B004BAO4CK,0
977, B000A3XZ2C,93.3333333333
978, B0002OQRCO,96.4285714286
979, B002KPPEYA,100.0
980, B002TK03YW,0.0
981, B000067NQ7,72.4832214765
982, B000067NQ6,71.2137486574
983, 0790737450,73.2142857143
984, 6302518318,100.0
985, 6304880677,0
986, 630259751X,90.7216494845
987, B00005LKLF,36.8932038835
988, B000JUB2UI,0.0
989, B003L16F68,72.7272727273
990, B001Y8DJW8,67.8294573643
991, 6300182150,72.2138554217
992, B004D7SB5M,0
993, 6301906594,90.4761904762
994, B002C6VMHU,100.0
995, 6305809208,62.5
996, B00000INBA,100.0
997, B0019RP6KC,76.0233918129
998, B00005Y8EG,90.9090909091
999, B001020F3Y,0
1000, B00000INBI,100.0
1001, B00005KA8M,97.3684210526
1002, B008H5VFU4,0.0
1003, 6305976104,71.4285714286
1004, B0030BYWMI,93.3333333333
1005, 1892649586,100.0
1006, B0002BO0YY,45.9459459459
1007, 6302182468,100.0
1008, B000TXNDSY,68.75
1009, B001BXNB7O,72.7272727273
1010, B002JTFRBW,100.0
1011, B0001A9JEW,53.8461538462
1012, 6305505152,66.6666666667
1013, 6304044305,100.0
1014, B004WO6BPS,60.1215805471
1015, 6303443958,64.552238806
1016, B00005JNBQ,92.5490196078
1017, B00005JNBN,56.2903225806
1018, B0018PH3K6,73.4375
1019, B00005YTR5,0.0
1020, 6302799139,83.2388663968
1021, B0001EYSQC,73.5674676525
1022, 630396205X,85.7142857143
1023, 0615422853,93.6842105263
1024, B00012QMCC,100.0
1025, B004WSATRK,0.0
1026, B008KEQM3W,50.5376344086
1027, B004EYT4O6,33.3333333333
1028, B0000V8I3A,100.0
1029, 6303908349,100.0
1030, 6300270378,67.4157303371
1031, B00008FZHB,50.0
1032, B008M34GF2,33.3333333333
1033, 6301910338,83.3333333333
1034, B000TJ6PBK,68.4663536776
1035, B004VPTZGA,64.9350649351
1036, B007PZ6STK,100.0
1037, B0042W2IT8,56.5217391304
1038, 0792841042,85.9281437126
1039, 6303514723,62.1468926554
1040, B000NDFLWG,75.3623188406
1041, B0030BYWM8,74.4680851064
1042, B0089AD8J8,0
1043, B004ZNJD5G,64.8648648649
1044, B0010X8NJG,0
1045, B00005Q62K,55.3571428571
1046, 6305969639,22.6666666667
1047, B00000INB2,64.2857142857
1048, B00000INB3,97.520661157
1049, B00000INB1,95.4545454545
1050, B003HE4FBG,42.8571428571
1051, 6302949041,95.4545454545
1052, B000MX7UZS,0
1053, B000JPHH2U,75.4166666667
1054, B00004TKIC,92.899408284
1055, B000056PNH,66.6666666667
1056, B000056PNI,75.0
1057, B004RC0ZOI,55.0724637681
1058, 6301103491,59.0257879656
1059, B000A3XYIC,77.4530271399
1060, B0012Z367Q,30.0
1061, 6305294909,95.4545454545
1062, B000056PNV,89.226519337
1063, B000FP2PEE,77.7777777778
1064, 6305808155,97.3684210526
1065, B002C7ELJU,83.3333333333
1066, B009HNDF3K,64.161849711
1067, B000GAKJXM,100.0
1068, B00006AUMV,0
1069, B000ZLFALI,61.8932770576
1070, B00006AUMT,0
1071, B00006AUMU,0
1072, B00006AUMR,0
1073, B000ARFPXK,100.0
1074, B00006AUMQ,0
1075, B0001XAQA0,21.4285714286
1076, B00006AUMZ,42.9454170958
1077, B00006AUMX,76.0563380282
1078, B00006AUMY,100.0
1079, B00006AUMG,49.0405117271
1080, B00006AUMD,88.0281690141
1081, B00006AUMB,76.3157894737
1082, B000FA57NK,71.1725168036
1083, B000LXH5P4,100.0
1084, B003UVN7O2,100.0
1085, B00006AUML,0
1086, B001CYBFK2,0
1087, B00006AUMJ,100.0
1088, B000793A0G,100.0
1089, B00006AUMI,100.0
1090, B00006AUM6,55.652173913
1091, B000BB1NFO,100.0
1092, B000F9RBAS,0
1093, B000LXH5PO,95.2380952381
1094, B002LT2EFC,63.0208333333
1095, B000FA57N0,92.5868325557
1096, 6303215637,85.7142857143
1097, B0065QDHZS,90.9090909091
1098, B00006AUM9,55.652173913
1099, B004CYF708,66.6666666667
1100, B008D9NIK4,76.8041237113
1101, B00005NHIR,80.0
1102, B00005NHIU,100.0
1103, B0059JU0YS,46.1538461538
1104, B001TGV882,65.8102766798
1105, B0002TT06Y,90.4761904762
1106, B003BGZ60Y,73.7704918033
1107, B0001S0TQG,0
1108, B001CYBFKW,66.6666666667
1109, B001ESNH52,0.0
1110, B003U6SJXQ,47.5460122699
1111, B000077VQT,100.0
1112, B000FP2PE4,88.8888888889
1113, 6304698658,52.8761061947
1114, B003BEE7C4,100.0
1115, B000HT3PV0,0
1116, 6304164831,97.0588235294
1117, B0015UYTZG,77.3291925466
1118, B000NJISG6,66.6666666667
1119, B000062XFV,0
1120, B000I0RVSG,100.0
1121, B00178U3CY,87.134502924
1122, B002G7W83M,100.0
1123, B001DDY6NA,0
1124, B002WG8TZI,50.0
1125, B003VE9WT2,100.0
1126, B0002VKZYS,71.2121212121
1127, B000YOFOF8,100.0
1128, 6302679060,76.9230769231
1129, 6304107161,82.3529411765
1130, 6304288115,68.3397683398
1131, B000FVQLQQ,54.983277592
1132, B00004CTUA,90.371389271
1133, 1577422694,75.4838709677
1134, 6303340873,100.0
1135, B000062XFQ,100.0
1136, B000ZHUFSK,81.3813813814
1137, B0013YU110,62.5
1138, B0006GC3MG,0.0
1139, B0002NY8UI,84.2105263158
1140, B0002W19Z6,88.3116883117
1141, B00007JZYP,68.9655172414
1142, B0000DJZBK,89.552238806
1143, B0000060T0,0
1144, B0001GH7VI,95.2380952381
1145, B00005QJJQ,0
1146, B0071AD95K,90.0
1147, B00005Q58B,57.0707070707
1148, 6303495567,96.875
1149, B000056BPD,100.0
1150, B0060ZNFVK,94.1176470588
1151, B000JPNEEU,86.5603644647
1152, B008IG0F7G,95.652173913
1153, B000062XFI,85.0
1154, 6303336566,100.0
1155, 0764005804,0
1156, B0000028AJ,63.6363636364
1157, B0000060TP,100.0
1158, B0002B55DE,87.2483221477
1159, B0002NY8U8,80.0
1160, 6305066795,81.7941952507
1161, 6304946589,66.7993630573
1162, B001N8Z8K0,33.3333333333
1163, B005EP7HX4,57.8947368421
1164, B005UYF7KY,91.3907284768
1165, B0001GH7V8,92.899408284
1166, B00001IVE7,70.0
1167, B000065K9R,48.9361702128
1168, B00000F91G,58.3333333333
1169, B00000F91F,74.5454545455
1170, B0006AZ5VS,0
1171, B0006GC3M6,100.0
1172, 0963199668,100.0
1173, B00000F91O,100.0
1174, B005Z9MGQW,0
1175, B00000F91P,0
1176, B00007M5H7,45.4545454545
1177, B00000F91U,100.0
1178, B0095D4IQ0,83.1666666667
1179, 1573625671,57.1428571429
1180, B002EEAJXI,50.0
1181, 6305908419,72.2222222222
1182, B003VE9WTM,76.9230769231
1183, B002SICF0U,66.6666666667
1184, B000T2MZ3E,0
1185, B000A2SA64,46.3806970509
1186, 6302282535,20.5882352941
1187, B001NS93NI,100.0
1188, B0006FFRDE,58.1395348837
1189, B00000K0B3,74.0
1190, B000094J88,54.1666666667
1191, B007ATHNHC,100.0
1192, B00000K0B4,0.0
1193, B000094J82,62.5
1194, B0006FFRDO,0
1195, B000RI4MA4,77.8947368421
1196, B000H5U5I0,85.4838709677
1197, B000HOMU98,63.7817497648
1198, 6300184269,21.9251336898
1199, B000065MQO,63.7817497648
1200, 6304204019,90.0
1201, B0000ZMH92,89.4366197183
1202, 6301888901,71.5447154472
1203, B001PPLJN6,85.3658536585
1204, B000TUASPS,0
1205, B002SRWNPI,66.6666666667
1206, B00006JU7U,67.4242424242
1207, B00877AW74,85.7142857143
1208, B001LGZCGY,71.2121212121
1209, B00005OCQJ,53.642384106
1210, B00932ADHQ,72.7272727273
1211, B000FSME5G,45.2347083926
1212, B0027BW4QI,82.7118644068
1213, 6303003001,100.0
1214, B008U77ZV2,64.5933014354
1215, B0006IUE9I,69.5488721805
1216, B002YSVZX2,87.5
1217, B00020HBNC,78.5714285714
1218, 5559899305,77.3371104816
1219, B0084YBB16,0
1220, B000G75B2E,77.6699029126
1221, B00006D2AQ,73.9130434783
1222, B0014567LQ,50.0
1223, B00005EB0B,74.2647058824
1224, B0006FFRD4,58.1395348837
1225, B00005Y71U,91.4201183432
1226, B00008XFAM,49.7120070891
1227, B000H5U5IK,100.0
1228, B000RI4MAO,35.0649350649
1229, B000XSBFUI,100.0
1230, B000J10FLY,79.4520547945
1231, B00018YC3M,76.25
1232, B000053ZVH,41.1764705882
1233, B000094J8D,57.0945945946
1234, B0041QSZG0,66.6666666667
1235, B00018YC3W,23.0769230769
1236, B000094J8X,55.5555555556
1237, B0006UYNSO,80.8411214953
1238, B003LSZFUI,69.0265486726
1239, B000NNM4BC,0
1240, B000H5U5IU,60.0
1241, B002ID7VJ0,73.9130434783
1242, B00008G4H7,76.9841269841
1243, B003152YZU,72.4637681159
1244, B000094J8U,100.0
1245, B000CRR34W,33.3333333333
1246, 6302405688,88.1818181818
1247, B00008G5ZY,100.0
1248, B00008G5ZX,95.652173913
1249, B0084UBP0W,0
1250, B00004CM33,100.0
1251, 6300189929,77.4193548387
1252, B000RTLGNE,0
1253, B000MUNYU6,0
1254, B000HLDF8Q,100.0
1255, B0016MOV92,46.9135802469
1256, 5555069189,40.0
1257, B0019F02WG,55.5555555556
1258, 6303394035,80.6451612903
1259, B0001XARPO,50.0
1260, B000MLJ12A,86.6071428571
1261, B0053QR162,100.0
1262, B0002W4SY0,86.0433604336
1263, B00008YLVB,93.2394366197
1264, B00008YLVC,71.1111111111
1265, B001ED3JJG,100.0
1266, B004BR7XO4,0.0
1267, B000SGHSVA,0.0
1268, 630017476X,100.0
1269, B000Q7ZNZ4,91.2408759124
1270, B001MBE63I,89.7196261682
1271, B00919TITU,100.0
1272, B000EJ9RSS,100.0
1273, B0006AZ5V8,25.0
1274, B00020HBN2,100.0
1275, B005QBSSQ6,79.0697674419
1276, B000KWZ7VU,76.8261964736
1277, B0001WJN8M,33.3333333333
1278, B00005QC3M,62.5272331155
1279, 5553600715,60.4483586869
1280, B0056EBHW0,31.0344827586
1281, B008IG0GK2,100.0
1282, B003N2JKQW,0
1283, B00008YLV0,80.6930693069
1284, B00008YLV1,78.3333333333
1285, B00008YLV5,59.4594594595
1286, B00008YLV6,61.2244897959
1287, B00008YLV7,81.3953488372
1288, B00005NB9R,100.0
1289, B00008YLV9,92.6829268293
1290, B006GHA9QQ,67.4445076836
1291, B0053O6Y9E,0
1292, B001J3NF54,100.0
1293, 6301798708,65.0499286733
1294, B000NJL566,88.8888888889
1295, B008JAG4GW,72.3076923077
1296, B0016MOV9M,46.9135802469
1297, 6301954882,33.3333333333
1298, B005LF8UFQ,76.1904761905
1299, B003E2H1B2,61.9718309859
1300, B0016MOV9W,46.9135802469
1301, B000OOD9UU,0
1302, B00005RDSC,13.8461538462
1303, B0001Y4LSM,71.4285714286
1304, B000PGDHHC,66.6666666667
1305, B004LIYF62,96.1538461538
1306, 6300198200,100.0
1307, B00548ZBLG,57.5757575758
1308, B000062XF7,88.8888888889
1309, B00000JGOJ,83.0564784053
1310, B008PJZDXW,67.991290147
1311, B000062XF1,78.6764705882
1312, B000062XF0,74.188034188
1313, B00140PK8C,92.3913043478
1314, 630351006X,66.6666666667
1315, B00176SHCY,100.0
1316, B002QC8660,25.0
1317, B0029FXUOW,73.4848484848
1318, B0000B3FE6,0.0
1319, B0088W2LC2,16.6666666667
1320, B001CMZJUG,80.0
1321, B0039XJGMI,100.0
1322, B008CN092G,65.1515151515
1323, B00079HZ9S,0
1324, B000AY6RZ8,60.4189636163
1325, 6304266529,85.4700854701
1326, B0002KQOD0,89.4117647059
1327, B005J29L5E,51.0204081633
1328, B000T63TQC,69.2307692308
1329, B000RL08AE,23.0769230769
1330, B008ROG898,76.5625
1331, B001IBCS2S,89.6174863388
1332, B00015N56A,88.0916030534
1333, 6303592600,20.0
1334, B0013Z0XSU,87.5
1335, B00077BPBY,100.0
1336, B00004TXBN,85.7142857143
1337, B002VRMAE4,100.0
1338, B00004TXBR,100.0
1339, B00004TXBP,95.7528957529
1340, 1578072123,66.6666666667
1341, B00008G1PX,45.7294028723
1342, B0084BM7QW,95.8333333333
1343, B0006Z2KOI,53.6999321113
1344, B003AI2VGA,70.5882352941
1345, 5555223870,87.5
1346, B000XEDVEA,100.0
1347, 6303493653,97.9591836735
1348, B000062XFX,68.4210526316
1349, 630243940X,77.0731707317
1350, B007CZ3D6O,53.7878787879
1351, B00003G4IP,92.6691729323
1352, B000LXGW1W,100.0
1353, B00003G4IR,90.9090909091
1354, B000062XFP,71.4285714286
1355, B000062XFN,72.0
1356, B000062XFL,92.5
1357, B000062XFK,95.5752212389
1358, B00003G4IJ,40.9722222222
1359, B000BNKB0U,90.9090909091
1360, B005BRFN8Q,79.274611399
1361, B000062XFE,100.0
1362, B003ICXC02,100.0
1363, B000062XFC,64.7058823529
1364, B000IOM0RY,72.7272727273
1365, 6300270785,97.9591836735
1366, B00000FCSV,66.6666666667
1367, B001OFSK3E,62.0087336245
1368, B004HW79PQ,73.9002932551
1369, 6303471773,0
1370, B00074DXMQ,75.0
1371, 6302889855,100.0
1372, B002LSIAQU,90.0
1373, B005WVUM1E,87.5
1374, B00000J96I,93.3333333333
1375, B0007V6IW6,71.2290502793
1376, B00524HEBW,100.0
1377, B0000EYVJM,100.0
1378, B0010W68SA,100.0
1379, B002ZPFPXU,0
1380, B00104FZCI,100.0
1381, B00004TBU9,90.0
1382, 6305074054,59.5744680851
1383, 6305804427,100.0
1384, B0036DBM5U,95.1923076923
1385, B0001Y4MIQ,50.0
1386, B001LOY1IG,70.3092783505
1387, B0086460CY,44.4444444444
1388, B001VAF5YE,100.0
1389, B00022PYRA,92.3076923077
1390, 6304198892,100.0
1391, 0792841530,72.2294654498
1392, 0800103688,67.1755725191
1393, 6302462185,0
1394, B0018MVJA4,61.7142857143
1395, B00819ZCP0,61.4457831325
1396, 6300158802,94.4444444444
1397, B001AD6UJ6,0
1398, B005DB4XBS,60.5825242718
1399, B000LDUF60,0
1400, B0055IQ5II,0
1401, B000WFOR48,40.0
1402, 6303209874,85.1851851852
1403, B0059XBKEI,55.1724137931
1404, B002LSIAQ0,100.0
1405, 1570763607,100.0
1406, B002W7PXEW,0
1407, B0002V9GOI,100.0
1408, B0088QNUUK,0
1409, B000E1NWP0,89.2906815021
1410, B000K3LO9I,68.2291666667
1411, 6303818331,90.0
1412, 5554763553,69.3333333333
1413, B0000D1FEY,82.1428571429
1414, B004HRDMHK,79.2
1415, B001XXJQDU,33.3333333333
1416, 6305962979,84.0336134454
1417, B002PBP8HW,77.1276595745
1418, B00081U75O,84.2105263158
1419, 6305183287,75.7575757576
1420, B0000DZSYF,100.0
1421, B0000DZSYE,86.3636363636
1422, B00005Y961,0
1423, B001N07MSE,63.3040935673
1424, B0002HOEPI,78.354978355
1425, B000050X31,66.3978494624
1426, B000050X30,76.4705882353
1427, 1569312486,100.0
1428, B00005O438,52.9411764706
1429, B00005O439,74.7572815534
1430, 6302965195,100.0
1431, B000I9WVZA,45.9459459459
1432, B004LVTT9W,100.0
1433, B0012BUWI6,100.0
1434, 6305122059,100.0
1435, 6305200491,89.5833333333
1436, 6303524443,0
1437, B0007ZD762,100.0
1438, 5550329174,65.1162790698
1439, B0085F90IA,83.3333333333
1440, B000TJBO16,71.4285714286
1441, B004N0F332,63.9344262295
1442, B001D6PUZK,100.0
1443, B00002NDKQ,100.0
1444, B006WDE3J8,0
1445, B00004WMHF,96.7213114754
1446, 1572525835,94.7368421053
1447, 0793927560,100.0
1448, B000SM6FBI,93.75
1449, B0062CUOSS,93.9759036145
1450, B007H52KA4,22.3529411765
1451, B009N4Z9XW,0
1452, 6300208605,100.0
1453, B0089BSMDY,73.3333333333
1454, B00005NB9N,45.8333333333
1455, B000051VSB,93.3333333333
1456, B00005NB9L,80.0
1457, B00005NB9J,0
1458, B00199PPOM,0
1459, B0017LZ1ZK,100.0
1460, B00005NB9E,60.0
1461, B000EMI6J6,82.5396825397
1462, B001IT294C,81.25
1463, B006I0FGNW,45.0980392157
1464, B004I4KKZO,40.6438631791
1465, B00005NB9Y,88.0341880342
1466, B0017WI5TS,68.5714285714
1467, B00005NB9V,87.8048780488
1468, B00005NB9T,87.8048780488
1469, B003ZZ7TN8,92.3076923077
1470, B0007X9U6U,80.9523809524
1471, B003G4CWQM,92.5373134328
1472, B000SUUXC2,50.0
1473, 6305441286,78.9156626506
1474, B001UV9K6I,93.75
1475, B001AXTYPI,98.4848484848
1476, B006JIL0AG,51.5151515152
1477, B00005RDRQ,100.0
1478, B00005RDRN,89.4339622642
1479, B002EAYDSE,94.4444444444
1480, B00005RDRE,100.0
1481, B0002I833G,78.4172661871
1482, B00005R6R9,66.0377358491
1483, B00006JMX9,78.9473684211
1484, B00319HT9M,53.5714285714
1485, B00005RDR9,73.4521575985
1486, B0001AVZZS,33.3333333333
1487, 0783223110,70.8333333333
1488, B004ZVHSBY,0
1489, B0002I8336,100.0
1490, B000E1YVZU,59.2483852026
1491, B000TZX5LC,84.1726618705
1492, 078322446X,0.0
1493, B000E1YVZK,72.3756906077
1494, B0007OP24I,100.0
1495, B00004CKDV,64.1558441558
1496, B000SQJ28C,82.3129251701
1497, 0780623258,75.0
1498, B000E1YVZA,69.298245614
1499, B0038JIANO,100.0
1500, B00005V9IJ,52.7392739274
1501, B0000541TH,75.0
1502, B0000541TK,92.8571428571
1503, B0000541TJ,95.0
1504, B00005TSPK,100.0
1505, B00022LIR0,85.7142857143
1506, B0000541TO,76.0975609756
1507, B0000541TN,87.5
1508, B003ZZ7TNI,92.8571428571
1509, B0000541TD,71.4285714286
1510, B0053OI22G,40.7142857143
1511, B0000063PS,97.6377952756
1512, B0017IVHOW,100.0
1513, B000051VS3,73.9795918367
1514, B000053VQJ,50.0
1515, B008CPAX16,33.3333333333
1516, B0040OY9ZE,84.6153846154
1517, B000P6R55W,50.0
1518, B0000541TP,70.2819956616
1519, B0037EDIHI,75.0
1520, B00005NB93,55.1401869159
1521, B00005NB91,94.5945945946
1522, B002SI7UCI,45.4545454545
1523, B0006HBZXS,56.4459930314
1524, 6304466471,69.0909090909
1525, B00005LJBX,87.4517374517
1526, B00004L8IO,87.5
1527, B00005LJBZ,62.8571428571
1528, B001OQCVCY,62.890625
1529, B00005LJBT,71.6417910448
1530, 6303146074,31.884057971
1531, B00149JKDO,33.3333333333
1532, B00005LJBP,90.1993355482
1533, B00062IZLI,83.738317757
1534, 6301802551,100.0
1535, B00005LJBS,94.8717948718
1536, B00009KOYA,75.0
1537, B00005LJBN,72.1723518851
1538, B00009KOYB,58.7570621469
1539, B00006HAXW,98.5294117647
1540, 6304554478,100.0
1541, B00009KOYI,74.7572815534
1542, B00009KOYJ,91.1764705882
1543, B0000V493S,92.7272727273
1544, B00009KOYL,69.387755102
1545, B000NY1EC6,78.9473684211
1546, 6302650488,97.3684210526
1547, B000VULA9E,72.0754716981
1548, B009L0LEDW,59.375
1549, B00319DX9C,84.5901639344
1550, B000LC3RXO,25.0
1551, B00004UF19,64.6808510638
1552, B00004UF16,73.6470588235
1553, B001CO429I,95.2380952381
1554, B00004UF14,68.6390532544
1555, B00004UF12,54.6511627907
1556, 6303454488,87.3646209386
1557, B000VQYDHY,73.3333333333
1558, B006A9XTYY,35.6164383562
1559, 6303686842,86.0
1560, B0055SOAAI,76.5384615385
1561, B00015HX9K,89.2307692308
1562, B003DQOS8S,0
1563, 6304524005,86.4864864865
1564, B000BQ5IYQ,33.3333333333
1565, B004XSJQ6O,0
1566, B007BMIFN4,82.3529411765
1567, B0002EXFNI,53.0133928571
1568, 073600193X,85.7142857143
1569, B003GWJER4,74.0740740741
1570, 6301825187,66.6666666667
1571, B003VV5DYI,38.4615384615
1572, B000A0GXHO,79.4117647059
1573, B00009KOY0,55.5555555556
1574, B00009KOY3,0
1575, 0967877709,0
1576, B00009KOY4,88.2352941176
1577, B000A0D1RO,87.5
1578, B00009KOY6,78.9223454834
1579, B00009KOY9,68.3962264151
1580, B008PJZDX2,59.880239521
1581, B000A0D1RE,89.6103896104
1582, B000UNYJJK,70.0
1583, 6305248141,100.0
1584, B000R9GMGK,100.0
1585, B000A0GXHY,82.3529411765
1586, 6301118235,100.0
1587, B006D9EMCO,50.0
1588, B000WI23KA,71.4285714286
1589, B00831T3JW,96.0
1590, B000J0XJC2,54.4028950543
1591, B006OIW2NA,64.6666666667
1592, B003IYZ46A,100.0
1593, B00006G8IZ,87.5
1594, 6303398375,89.6153846154
1595, 6304030983,49.2857142857
1596, B000M7FSSA,84.9462365591
1597, B004R35VHS,100.0
1598, B000VMV73G,83.2214765101
1599, B005INHQLA,0
1600, B000067J24,71.0
1601, B000067J25,57.1428571429
1602, B0034PJWIY,100.0
1603, B006YSHAU0,0
1604, B00005KIVP,51.2820512821
1605, 630100955X,100.0
1606, 6302484642,100.0
1607, B000007PAD,83.738317757
1608, B00015HXC2,96.2962962963
1609, B000007PAA,96.0
1610, B000YYVLSW,58.3333333333
1611, B004PZJBJM,0
1612, B001P7JVJS,80.0
1613, B002ZR3LUW,0
1614, B00005KFTI,98.1132075472
1615, B000Z8GZYW,59.011627907
1616, 6303890334,70.8333333333
1617, B00027JYT4,88.0
1618, B00015HXCW,87.9432624113
1619, B0001WAMRS,75.641025641
1620, 6301813855,88.1818181818
1621, B000VRJ37I,65.4696132597
1622, 6305006547,88.4615384615
1623, 0940871491,0
1624, B006H3KQR6,96.2406015038
1625, B000067J2G,100.0
1626, B002LBKDYY,56.0975609756
1627, B00004R6NP,63.6363636364
1628, B0007M25BI,0
1629, B000JGD27I,79.9591002045
1630, B000MEYKF0,14.2857142857
1631, B000067J2N,100.0
1632, B000067J2M,94.1666666667
1633, B000067J2J,82.4742268041
1634, B000067J2K,94.1176470588
1635, B000067J2H,0
1636, B000067J2I,92.8571428571
1637, B00164E6HC,100.0
1638, B000067J2U,100.0
1639, B002LBKDYO,59.2274678112
1640, B002G81R0Q,100.0
1641, B000067J2Z,81.25
1642, 6302314364,0
1643, B002LBKDYE,53.6687631027
1644, B000067J2Y,72.0
1645, B00005JLL0,66.9811320755
1646, B0006GANUU,0
1647, B000H5V8DG,73.9856801909
1648, B00002EPGA,72.4137931034
1649, B00002EPGE,80.0
1650, B00005KFTE,59.1836734694
1651, B00002EPGG,75.0
1652, 630116976X,93.1034482759
1653, B000NO2FLU,90.9090909091
1654, 630187837X,100.0
1655, 6301661869,91.6666666667
1656, B0006GANUK,98.0
1657, B001SF8FI0,72.7272727273
1658, B00005KFTB,47.3498233216
1659, B000NOCWHM,100.0
1660, B000CZ0PVM,0
1661, B000I8ES3Y,62.2009569378
1662, 6304814364,0
1663, B005LAIGWS,56.4347826087
1664, B000068TWC,54.6623794212
1665, B0001MIRDE,100.0
1666, B003VWC4BW,60.5442176871
1667, B0048FQFLG,59.375
1668, B000A3457Q,81.1764705882
1669, 6300268918,93.063583815
1670, B000EMGIWI,52.0
1671, 630021348X,84.6153846154
1672, 6301576152,100.0
1673, B00335EQ3Q,78.0334728033
1674, B005LAIGW8,56.4347826087
1675, B003Z1OHA0,65.1685393258
1676, 6301979656,0
1677, B001NVNALQ,28.5714285714
1678, 6305075654,29.0909090909
1679, B001NVNALG,28.5714285714
1680, 6303076807,72.7272727273
1681, 1931046972,100.0
1682, B00122SOD0,100.0
1683, 630522658X,100.0
1684, B002R1W5VW,60.7792207792
1685, B005VFFA8Q,100.0
1686, B000URJGNA,76.0
1687, B0076XTH8K,45.0
1688, B000CSNCI2,59.1666666667
1689, B00002EPG9,100.0
1690, B000H5V8D6,65.4952076677
1691, B00080C6C2,81.6091954023
1692, B00002EPG2,50.0
1693, B00007854O,60.3174603175
1694, B00002EPG7,55.9493670886
1695, B000N6UEYI,100.0
1696, 6301035607,87.5
1697, 6304818823,78.5185185185
1698, B0063DOV2Q,64.3504531722
1699, B000KJTG06,100.0
1700, B000009ELJ,64.1025641026
1701, B003ZXDOW0,70.0
1702, B0002HOEP8,78.354978355
1703, B00008WJD6,66.3366336634
1704, B000624D00,100.0
1705, B0001DMXUQ,100.0
1706, B000N6UEYS,0
1707, B0007DICOQ,75.0
1708, B004MA1K2G,77.7777777778
1709, 6302227186,95.8904109589
1710, B005KWC4KC,91.3043478261
1711, 6303646425,66.6666666667
1712, B007USI1DS,100.0
1713, B0007VY51W,57.1428571429
1714, 6304091338,86.8544600939
1715, B006HG141A,0
1716, B0002XNSZ4,54.7038327526
1717, B0003OXEE2,81.746031746
1718, B000UVV256,90.9090909091
1719, B00004T6FK,100.0
1720, B000RZIGWC,50.9433962264
1721, B000BNXD2S,100.0
1722, 630294662X,90.0
1723, B000BMCXYS,88.8888888889
1724, B000056N8P,100.0
1725, B000056N8Q,22.2222222222
1726, B000056N8R,100.0
1727, B000056N8T,91.4634146341
1728, 6302799074,94.7368421053
1729, B000056N8V,95.9595959596
1730, B000056N8W,95.4022988506
1731, B005ZVINLM,81.4814814815
1732, B0012EBV9C,66.6666666667
1733, B000JTMXQG,100.0
1734, B005GLHO48,61.2244897959
1735, B00004T6FQ,100.0
1736, B000JGG6T4,62.7551020408
1737, B000056N8C,74.358974359
1738, B000056N8D,46.6666666667
1739, B0007M21Y4,100.0
1740, B00008WJDB,92.8571428571
1741, B009B6XA1U,95.6896551724
1742, B0000BYRO7,70.1438848921
1743, B00008WJDJ,85.9649122807
1744, B00008WJDK,91.0256410256
1745, B00008WJDH,92.9411764706
1746, 0780022467,100.0
1747, B00008WJDN,95.9183673469
1748, B00008WJDO,90.0
1749, B00008WJDL,91.0256410256
1750, B00008WJDM,95.9183673469
1751, B00008WJDR,92.8571428571
1752, B00008WJDS,100.0
1753, B00008WJDP,90.0
1754, B00008WJDV,100.0
1755, B00008WJDW,41.1764705882
1756, B00008WJDT,100.0
1757, B00008WJDX,100.0
1758, B00008WJDY,58.4474885845
1759, B00005LL26,52.1904761905
1760, B00007FSAD,94.3396226415
1761, B004SIP6BI,67.0378619154
1762, B0010XUG64,0
1763, 6303575536,73.3333333333
1764, B003CRM6PA,35.7506361323
1765, B002KBA750,86.9565217391
1766, B000ANVPPG,87.0967741935
1767, B004TJRD94,0
1768, 6304819471,88.9908256881
1769, B004R10MA6,50.9138381201
1770, B000H247N2,81.7073170732
1771, B001J1K5IG,58.7336244541
1772, B007X6ZRMA,78.6046511628
1773, B0002C9DJK,87.5
1774, B0002C9DJA,46.1538461538
1775, B002IRYYK0,68.75
1776, B007UK703S,0
1777, B000NHZ7JO,83.3333333333
1778, B000RZIGWW,100.0
1779, B0002C9DJU,74.0740740741
1780, 6302756529,65.0
1781, B0098VXA5O,85.2941176471
1782, 6302649986,100.0
1783, 6304675771,46.9008264463
1784, B005KGPR9S,60.6965174129
1785, B00005MFO9,60.3015075377
1786, B00463IPOU,56.0344827586
1787, B000F9RL9E,86.6666666667
1788, B0002C9DJ0,64.3410852713
1789, B0011E5D2Y,49.8279816514
1790, B0039QEAIU,69.8275862069
1791, 1886969485,100.0
1792, 6302725518,84.2105263158
1793, B000PAAMEO,95.3125
1794, B000W2FI7Q,93.3333333333
1795, B00005M1YM,80.3921568627
1796, B003GJUYMQ,0
1797, B00007FSA6,100.0
1798, B0052LZQ2O,0
1799, B00007FSA8,44.7368421053
1800, B00241EL0S,0
1801, B004AUP3S0,100.0
1802, B002BAXBNU,0
1803, B003NTSBTC,50.9352517986
1804, 0767018427,100.0
1805, B00004CQTP,90.0
1806, 3896702629,100.0
1807, 6303625754,50.0
1808, B004USUOX6,86.5079365079
1809, B000KX0IMW,96.7741935484
1810, B000FKP1AY,0.0
1811, B003A02O38,80.0
1812, B002LEJQNA,0
1813, B000KX0IMM,61.5384615385
1814, 630577238X,87.5
1815, B000KX0IMC,54.1666666667
1816, B000V4FTM4,88.8888888889
1817, B001D04ADE,33.3333333333
1818, 6302986141,100.0
1819, B004EPYZHQ,81.1764705882
1820, B0083SI986,41.2247289774
1821, B00475E0A0,78.5714285714
1822, B00005M1Y7,63.3802816901
1823, B002HK9IN6,83.2298136646
1824, B003Y6G7GS,62.2529644269
1825, B0001XAOGG,81.8181818182
1826, 6303039405,78.0821917808
1827, B00192QNXQ,75.3521126761
1828, B0065PVKH6,100.0
1829, B000GALHPQ,50.0
1830, B008M4XR10,85.7142857143
1831, B000RHLJLU,94.5945945946
1832, B0010KHOP8,66.6666666667
1833, B0001NBM44,84.6153846154
1834, B0091CLBLA,44.7898675878
1835, B006DSLF6Q,75.0
1836, B003HTPI3K,31.25
1837, B000OF2T6E,0
1838, B0001DMUMM,80.0
1839, B000CEXFBU,90.1869158879
1840, 6302281857,93.3333333333
1841, B001NFNFMQ,81.9658813972
1842, B001LMAK5Q,62.5
1843, B002HK9ING,83.7837837838
1844, B003KM8U8O,64.2857142857
1845, B0001XAOG6,56.25
1846, B0000714HP,85.7142857143
1847, B001O94E76,86.5943814687
1848, B008BZVBCW,59.6153846154
1849, B0000714HT,0
1850, B000QFAFPO,100.0
1851, B004LKGUPO,100.0
1852, B000KX0IM2,43.3673469388
1853, B0000714HX,42.6229508197
1854, 6304699085,100.0
1855, B00005KI4B,83.3333333333
1856, B002VL2PTU,59.5195040041
1857, B00004R6B2,71.7391304348
1858, B000QFAFPY,75.0
1859, B006A0R638,47.4226804124
1860, B0000714HC,0
1861, B0000714HB,75.0
1862, B0000714HE,70.5882352941
1863, B00005UV3Q,71.3995943205
1864, B00004UTXP,88.2352941176
1865, B008H6GHEW,87.5
1866, B0000714HJ,85.1063829787
1867, B000BB1MEQ,83.3333333333
1868, B0012SB15W,80.0
1869, B0000714HN,76.7676767677
1870, B00005U8E8,88.8888888889
1871, B00005U8E9,0
1872, B000I9W0IS,81.0126582278
1873, B005HEWL2Y,100.0
1874, B004DI0O1A,0
1875, B00000I1LW,80.3571428571
1876, B0053ZU26E,72.3404255319
1877, 6305239436,100.0
1878, B003152Z0O,55.5555555556
1879, B00005NB9M,66.6666666667
1880, B0000DG6XP,0
1881, B00005U8E7,42.8571428571
1882, B000N6K1KA,100.0
1883, B0000DG6XL,100.0
1884, B0000DG6XM,100.0
1885, B000OCY7L2,66.2337662338
1886, B0007MU2X6,63.8640429338
1887, B005MMZRDQ,89.7196261682
1888, 6302686679,0
1889, B00004RZFZ,77.2486772487
1890, 6301367189,100.0
1891, B000P662U6,100.0
1892, B00005TNFX,86.0465116279
1893, B004BV9TPG,92.1875
1894, B00005TNFU,81.3333333333
1895, B00005TNFW,66.6666666667
1896, B00005TNFP,31.25
1897, B00005TNFR,83.3333333333
1898, B0000714F4,100.0
1899, B00005TNFL,81.8181818182
1900, B001OKUREO,48.6852589641
1901, B00005TNFF,85.4838709677
1902, B00005TNFG,62.2950819672
1903, B0051ZIXMQ,44.7963800905
1904, B00005TNFA,100.0
1905, B00005TNFC,92.0
1906, B000T5O49O,59.7292724196
1907, B0000714FY,84.7826086957
1908, B004AR4WA8,0
1909, B00005TNF9,77.7777777778
1910, B0007CEXK4,93.1034482759
1911, B00005TNF4,100.0
1912, B00005TNF5,96.875
1913, B00005TNF6,93.9393939394
1914, B00005TNF7,93.9393939394
1915, B00005TNF1,62.5
1916, B00005TNF3,100.0
1917, B002UJIY2A,83.3333333333
1918, B000T5O49Y,87.5
1919, B001AD54SO,66.6666666667
1920, B00005M1Y4,77.2015655577
1921, B00005U8EX,66.6666666667
1922, B000087I3A,96.2962962963
1923, B00005U8EZ,80.0
1924, B000OCY7LC,100.0
1925, B00005U8EP,47.619047619
1926, B00005U8EQ,67.7419354839
1927, B000OCY7LM,44.4444444444
1928, B00005U8ES,76.8472906404
1929, B00005U8ET,91.6666666667
1930, B00005U8EU,80.0
1931, 6305992290,83.3333333333
1932, B007TYI7RI,100.0
1933, B000EBGF18,74.1071428571
1934, B000BKSJAW,100.0
1935, B00005U8EM,59.0314769976
1936, 0767805534,54.7152194211
1937, B00005U8EO,79.347826087
1938, 6303129021,76.9230769231
1939, B00005U8EA,0
1940, B00005U8EB,64.2857142857
1941, B00005U8ED,42.8571428571
1942, B00005U8EF,0
1943, B000ION50U,85.7142857143
1944, 6302632838,0
1945, B00005NB9X,94.8275862069
1946, 6305508569,81.25
1947, B004X2JO4Y,0
1948, B001R0AYIU,0
1949, B002TV20LA,82.1428571429
1950, B0017LZ1ZU,0.0
1951, B000GFKFTA,42.3076923077
1952, B00687XNZS,96.875
1953, B002TV20LK,0
1954, 6305121273,81.8181818182
1955, B00803PG3A,100.0
1956, B000056AW3,33.3333333333
1957, B0016PO9KU,100.0
1958, B002WKRSVA,0
1959, B000056AW6,0
1960, B004L49JYO,58.3333333333
1961, B00005Q62H,55.3571428571
1962, B000NO23U8,78.8461538462
1963, B0033XUH9A,47.2727272727
1964, B000B8AVG4,85.5421686747
1965, B000Y1BJ8W,100.0
1966, B001302UMW,85.7142857143
1967, B0013Z70YA,0
1968, B002Y8UA8S,100.0
1969, 630197297X,75.0
1970, B000006BQF,0
1971, 6304042558,100.0
1972, B004TH785A,0
1973, B0009HLDF0,59.4936708861
1974, B000A2UBPM,47.3804100228
1975, B000056AWE,0
1976, B000056AWJ,100.0
1977, B000056AWK,96.6666666667
1978, B0002JP3PG,71.4285714286
1979, B000056AWL,85.7142857143
1980, B000056AWM,100.0
1981, 6304520735,71.4285714286
1982, B001KNAI2Q,81.7910447761
1983, B007GENEZQ,96.5346534653
1984, 0792840976,76.397515528
1985, B000AS1Q2S,83.3333333333
1986, B004AX5J5E,35.6589147287
1987, B000NPFF52,50.0
1988, 6304946627,76.7111853088
1989, 6301031458,77.1028037383
1990, B000MQ7B18,86.9565217391
1991, B000I64V24,81.8181818182
1992, B00005KFT8,58.3783783784
1993, B000YDKAOO,0
1994, B00000F3CR,90.4545454545
1995, B008DVJO50,80.0
1996, B00009V8XT,73.4782608696
1997, B0009G3C1Y,0
1998, B000BUBETU,0
1999, B00000F3CX,74.6701846966
2000, B00009V8XX,64.3504531722
2001, 0792151712,81.161971831
2002, B007HOQ574,100.0
2003, B00004SC8P,70.5882352941
2004, B000OYCMM6,34.4827586207
2005, 1565802152,91.6666666667
2006, B00000F3CB,52.1739130435
2007, B00000F3CD,83.4061135371
2008, B0000541TE,89.3939393939
2009, 6300208397,100.0
2010, B000063JZ7,58.5365853659
2011, B000059RH6,54.4303797468
2012, B000ARTMWA,90.6542056075
2013, B0021542BK,100.0
2014, B000WOSAZQ,62.0689655172
2015, B000057P5U,66.6666666667
2016, B000B5IOMU,0.0
2017, 6301801431,71.4285714286
2018, B001IT2942,96.5517241379
2019, B000A1JPLO,36.1111111111
2020, B003XF1W1A,0
2021, 6301494148,90.9090909091
2022, B0001YJ4CU,0
2023, 6302139724,76.6666666667
2024, B0009X75II,100.0
2025, B000ARTMWU,46.9565217391
2026, B000PHX4Q0,53.3333333333
2027, 6305582904,38.4615384615
2028, 6303293670,100.0
2029, B004GCLMDW,57.0469798658
2030, 6305123659,90.9657320872
2031, B000SSONTI,100.0
2032, B000063JZU,80.0
2033, 6302179971,100.0
2034, B000WOSAZ6,100.0
2035, 6304366035,74.7252747253
2036, B000006DGU,85.7142857143
2037, B000B5IOM0,64.8648648649
2038, B00029RRIM,100.0
2039, B000OYCMMG,95.5172413793
2040, B000ANVPPQ,88.7835703002
2041, B0080GEV0G,90.405904059
2042, B002VECMHW,100.0
2043, B00007L4N8,87.0967741935
2044, B00030601K,100.0
2045, B000006GMQ,96.6666666667
2046, B000NY1E9E,63.5814889336
2047, 6302450543,60.0
2048, 6305972869,50.0
2049, 6302924987,100.0
2050, B001C3531A,44.2307692308
2051, B000M53RDA,76.8115942029
2052, B008CLI2NQ,33.3333333333
2053, B002ET57JO,80.0
2054, B002B7TQGO,64.1646489104
2055, 0780627202,93.125
2056, B000GETWF4,53.4309240622
2057, B003YCL13G,75.0
2058, B002SL4LQ8,95.8333333333
2059, B0036Q2RR4,100.0
2060, B000WQXSD8,59.6153846154
2061, B00005KI43,100.0
2062, B00005KI45,78.5714285714
2063, B00005KI47,100.0
2064, B000299URS,100.0
2065, B000OIOSFG,0
2066, B000VZC4X0,29.6296296296
2067, 6304913567,83.8235294118
2068, B001M4154S,100.0
2069, B0002V7TJC,78.0952380952
2070, B00180OU66,54.5454545455
2071, 0800126033,90.9090909091
2072, B000063UUS,75.503626108
2073, B000OIOSFQ,0
2074, B001D3GJ0S,94.4444444444
2075, B00005M1Y1,88.0
2076, B00005M1Y0,65.9432387312
2077, B000EHSVB4,82.8467153285
2078, B00005M1Y5,61.2903225806
2079, B000LJ84OO,98.5507246377
2080, B0001VLUV6,90.2173913043
2081, B00005M1Y6,56.7375886525
2082, B000067J2X,63.1578947368
2083, B000ZIZX54,74.358974359
2084, B00005KI4A,66.6666666667
2085, B0012EBV92,82.3529411765
2086, 0780614097,82.5806451613
2087, B00005KI4F,60.0
2088, B00004CQTF,80.6291390728
2089, B0043QU77I,0
2090, B000OIOSF6,33.3333333333
2091, B001IDSZ1O,79.5505617978
2092, B0001ACQTM,28.5714285714
2093, 6302623340,100.0
2094, B001DDBD2W,70.0
2095, B000G1R380,100.0
2096, 6305796173,82.3529411765
2097, B000035P4U,90.4761904762
2098, B000LY9VZU,0
2099, B0078V2LCY,100.0
2100, B003WKQ46E,88.4848484848
2101, B0000ACP0J,87.8787878788
2102, B0010JR7GK,0
2103, B003IOB6SK,49.2063492063
2104, B002TXG9RE,75.4385964912
2105, B00005UO5W,63.7982195846
2106, B00005UO5V,78.7037037037
2107, B00005UO5U,70.0854700855
2108, B001CNQ5EY,100.0
2109, 6303194168,100.0
2110, B000RA2R18,81.8181818182
2111, 6302464927,100.0
2112, B0009PBLOU,0
2113, B000MRA542,69.5652173913
2114, B001N2C282,63.1067961165
2115, B00005UO5X,50.0
2116, B00005UO5G,76.401179941
2117, B0030U1THU,53.8461538462
2118, B003GWZP9K,100.0
2119, 6301272307,96.2406015038
2120, B001OJMMTI,100.0
2121, B00005UO5N,71.4285714286
2122, B00005UO5M,70.0806451613
2123, B000MDH5US,75.0
2124, B000NTQNQ8,0
2125, B00004ST9Q,81.3698630137
2126, B00004ST9P,81.3698630137
2127, B0029M48IW,91.8032786885
2128, B0006GAI6E,59.7701149425
2129, B001LNWSMS,58.8235294118
2130, B0009MWELM,54.8780487805
2131, 6304474121,100.0
2132, B00574PCY8,65.8227848101
2133, B000KGGJ0Y,73.8539898132
2134, B00518HB4O,64.7058823529
2135, B002PM8PZS,25.0
2136, B000HAWI7Q,71.4285714286
2137, 6301253779,67.7419354839
2138, B000FUTV32,53.3333333333
2139, B000JBXHBO,91.3669064748
2140, B004HHLL9G,54.5454545455
2141, B0001NBNF2,67.1361502347
2142, B001DJZF0M,100.0
2143, B004L02O36,100.0
2144, B000MRA54M,0
2145, B000EHSV8M,81.7204301075
2146, B008EMXEJU,86.4864864865
2147, B0000541TM,92.3076923077
2148, B000068QPR,63.4146341463
2149, B001CCY420,0
2150, B0001ME59O,94.1176470588
2151, B0000A02WU,82.7205882353
2152, B0000541TL,75.4385964912
2153, B001589JX0,100.0
2154, B003E1QC1S,74.5762711864
2155, B002EAYE5Q,0
2156, B0015XL7SK,88.8888888889
2157, B008GQWZF8,85.3868194842
2158, B0001I5542,56.0975609756
2159, B00026EXZ0,54.7619047619
2160, B000XJD37K,0
2161, 6304458282,75.8064516129
2162, 6304502060,74.1935483871
2163, B000J1NGY2,60.0
2164, 0790737086,64.2533936652
2165, B000QXCP54,43.4782608696
2166, B00722SY16,100.0
2167, B00004YVV8,89.2857142857
2168, B0010C54D0,66.6666666667
2169, B007SDTKD0,0
2170, B000GRUQLK,62.3430962343
2171, 1573624152,0
2172, B007HCF5AE,0
2173, 0767825454,0
2174, B001CFEC0G,0.0
2175, B0000541TF,83.3333333333
2176, B000RZLWBO,86.2068965517
2177, B0078JO3HM,100.0
2178, B00465I156,83.2083958021
2179, 6302149525,100.0
2180, B000I2IUM0,91.6666666667
2181, B003ZG3GAM,0
2182, B0000541TZ,60.8695652174
2183, B008UO5U9E,81.8181818182
2184, B0012EM5G0,56.6666666667
2185, 0767802594,77.8711484594
2186, B000AAJ1HS,88.2352941176
2187, B002SEQ8ZW,54.9488054608
2188, B00196WC8C,83.7837837838
2189, B00005V9I4,82.6666666667
2190, B0001ME59Y,100.0
2191, B001G4ANCY,50.0
2192, B00344EANW,90.0
2193, B002UIGMYS,84.0206185567
2194, B000I2IUMU,72.6495726496
2195, B0012EM5GA,73.8095238095
2196, B002RWK996,0
2197, B00064NP66,91.4285714286
2198, B000GGSMNK,86.4
2199, B00005NB97,90.9090909091
2200, 6305039739,0
2201, B000I2IUMK,81.8181818182
2202, B002BVUBO6,45.4545454545
2203, 6304683162,100.0
2204, 076780046X,93.4673366834
2205, B000I5YRJC,94.6666666667
2206, B0050GCJO4,0
2207, B000VX8R4M,0
2208, B004I6I2KC,54.7619047619
2209, B004MFBJ04,100.0
2210, B004FRVAMQ,0
2211, 0788600222,64.0287769784
2212, 630264660X,87.5
2213, B00005BJPJ,0
2214, B002L2SAAC,0.0
2215, B000KGGJ04,92.8571428571
2216, B00005NB90,43.4782608696
2217, 6303111734,100.0
2218, B000BQ5J9K,90.9090909091
2219, 0767023617,0
2220, B0006A9FPA,51.2195121951
2221, B00005V9I8,96.0
2222, B004AC6PWG,53.3018867925
2223, B00009KOYS,93.0769230769
2224, 6302744520,97.5
2225, 6304139640,39.4366197183
2226, B0006A9FPU,51.2195121951
2227, B0042AH2I2,90.0
2228, B002O3Z4W0,64.929693962
2229, 6305763798,100.0
2230, B000VBJEFK,42.634693242
2231, B000BQ5J9U,66.1752661753
2232, B000O3C5E2,60.0
2233, B00005LJBY,79.0697674419
2234, B002GOJYSC,92.3076923077
2235, 6304225075,89.4736842105
2236, B002M4C83O,88.8888888889
2237, B000065U38,90.0
2238, B000065U39,95.4545454545
2239, B000065U34,93.3333333333
2240, B000065U35,78.6516853933
2241, 6305335761,68.5185185185
2242, B00006HAXE,86.1111111111
2243, B000065U30,61.5384615385
2244, B000065U31,97.8260869565
2245, B004TWOX26,85.7142857143
2246, B00004CMTE,75.0
2247, B0083Q4K7M,51.5151515152
2248, B00005TNYX,86.4864864865
2249, 7883704540,42.634693242
2250, B00000HF14,80.0
2251, B008WLFSUQ,80.8219178082
2252, 6305183325,60.8695652174
2253, B001NRY6MC,63.6363636364
2254, B0002J4ZW8,55.3444180523
2255, B0009Q0ET2,80.0
2256, B00009Y3M2,71.2328767123
2257, B0007TFIHE,83.3333333333
2258, 6305710503,100.0
2259, B00009Y3M5,66.6666666667
2260, 0792846591,86.2068965517
2261, 6301045971,0
2262, B00005LJBR,72.4637681159
2263, B0007TFIHY,75.0
2264, B000065U3K,0.0
2265, B005IF1I6M,64.5161290323
2266, B000065U3F,91.2751677852
2267, B000065U3A,75.0
2268, B0019Z3P5W,92.8571428571
2269, B000AMJFOA,90.9090909091
2270, 6305200513,96.7741935484
2271, 6302000939,96.0
2272, B0061S2T6S,0
2273, B00008PW29,93.3333333333
2274, B000094J80,57.0945945946
2275, B0062ABXLM,0
2276, B003498S2G,64.6666666667
2277, B002L2SAAW,0
2278, B0012KK6R4,87.6033057851
2279, B002O3Z4WU,60.1558441558
2280, B008K6C270,0
2281, B007X709PE,48.3333333333
2282, B000065LKU,59.8214285714
2283, B002JT69NC,63.3879781421
2284, 6304712987,73.2142857143
2285, B00006JE09,78.0
2286, B00000IC83,3.7037037037
2287, B001AYMMK6,0
2288, B00000IC84,97.7777777778
2289, B00000IC87,91.2280701754
2290, B008QI7GY6,74.1379310345
2291, B000UAE7O0,47.5511174513
2292, B005C2TKLQ,56.25
2293, B0009PBLO0,47.2826086957
2294, B000O76WCO,100.0
2295, 6302101220,58.6206896552
2296, B000O76PY4,25.0
2297, 6304286643,100.0
2298, B000FEBWF8,73.3333333333
2299, B001M6SHE2,72.8395061728
2300, B002Z8CW60,82.5396825397
2301, B0001DHSCY,89.7360703812
2302, B004MA1K2Q,71.4285714286
2303, B00443FLO4,100.0
2304, B0010XUKI8,66.6666666667
2305, B000094J86,100.0
2306, B00000JNTN,83.7209302326
2307, B00000JNTC,100.0
2308, B00000JNTB,60.0
2309, B000CNESZ8,0
2310, B002A8BIQA,86.6666666667
2311, B00000JNTF,100.0
2312, B00005LJBO,67.6443629698
2313, B00000JNTX,92.7419354839
2314, B001GJ5CHA,64.139941691
2315, B003SC9AVC,67.0673076923
2316, B00001OWYY,72.7272727273
2317, B000CNET2A,58.064516129
2318, B00170M2JY,66.6666666667
2319, B00000JNTP,71.7948717949
2320, B0000AX2R6,0.0
2321, B000CNET2K,100.0
2322, B00000JNTT,64.3835616438
2323, B003SC9AV2,69.8113207547
2324, B001HXDQAU,70.2127659574
2325, B000094J87,73.3333333333
2326, B000ASATIK,20.3703703704
2327, B0013LQRXO,53.5714285714
2328, B000TMPDCY,69.1780821918
2329, B0085KGGLY,45.3658536585
2330, B00151QYU8,35.2418558736
2331, B00000JNT9,81.8181818182
2332, B001FB55HQ,56.0995184591
2333, B000A9QK8M,62.2720897616
2334, B000MV8AUE,100.0
2335, B0007XBMHU,93.2203389831
2336, 6302247721,0
2337, 6305470456,56.8965517241
2338, B004EIDEH0,53.4246575342
2339, B000O76PYE,42.8571428571
2340, B001AYMMKQ,0
2341, B00005NKBV,81.8181818182
2342, B00005NKBU,46.875
2343, B000W0H5C4,33.3333333333
2344, B00005NKBZ,90.4761904762
2345, B000RB9WMY,42.8571428571
2346, B000IMM3XW,66.6260657734
2347, B00005V9IF,90.0
2348, B009D0AZI0,100.0
2349, B00176X80K,77.8833107191
2350, 6303704840,65.0
2351, B000NVL49M,81.5789473684
2352, B00006JE0L,75.0
2353, B001QVG86C,81.0810810811
2354, B00005NKBE,56.7669172932
2355, B00000IC8F,91.6666666667
2356, B00000IC8I,0.0
2357, B004V4ASGC,71.7783505155
2358, B00000IC8K,100.0
2359, B000UAE7OA,54.5454545455
2360, B00000IC8M,100.0
2361, B00000IC8L,99.3150684932
2362, B000FEBWFS,100.0
2363, B00005NKBL,91.4893617021
2364, B005MAG8SQ,100.0
2365, B0084IHVDO,63.3802816901
2366, B00005YGRX,50.0
2367, B00005QG2N,87.7551020408
2368, B0000714HS,50.0
2369, B002KFPMBA,0
2370, B00005V9IC,80.0
2371, B003UESJEW,67.1840354767
2372, B000028U3S,70.8252111761
2373, B00005V9IL,75.503626108
2374, 6302457327,80.6451612903
2375, B003UESJEM,67.1840354767
2376, B006FYGF8Q,46.3255813953
2377, 0767831411,89.7435897436
2378, B000QGE8ME,0
2379, B000A7Q2I2,76.4350453172
2380, B009RAF860,93.4210526316
2381, B003EB842S,0
2382, B0006IUDQC,92.8571428571
2383, B0001LYFW2,100.0
2384, B000V72AZA,100.0
2385, B001NZWEI2,80.0
2386, B003JFEIJC,62.5
2387, B00004RQBF,53.6231884058
2388, B00004RQBA,84.2857142857
2389, 0767834933,63.3928571429
2390, 6304365969,48.0
2391, B00005RT35,92.0863309353
2392, B004V5UYEW,100.0
2393, B000QEITJO,52.743902439
2394, B00062J0NA,48.8095238095
2395, 6303386326,82.3529411765
2396, B00000IC6Y,75.0
2397, B00004RQB1,75.6756756757
2398, B004RDKV46,57.1428571429
2399, B000BKVSAK,0
2400, B000H6SY3C,60.1503759398
2401, B00062J0NK,0.0
2402, B000KKQNRO,49.0294301816
2403, 6300270971,73.3568075117
2404, B006QFIK8M,100.0
2405, B000F9RL9O,92.9824561404
2406, B00004RNYG,81.8181818182
2407, B0002RQ2VW,61.9047619048
2408, B00284BV9A,100.0
2409, B000A7DW7Q,74.1007194245
2410, B001NZWEIC,0
2411, B0011VJRXS,100.0
2412, 097761123X,100.0
2413, B001L2ZSHQ,70.2702702703
2414, B005COLEZY,100.0
2415, B007RQP5W8,87.5
2416, B007OWUYP8,54.7445255474
2417, B000EMG93Q,74.4186046512
2418, 6305078882,91.1764705882
2419, B005LXWYKU,70.3703703704
2420, B000W4U7C0,71.7171717172
2421, B000EMG93G,83.3333333333
2422, B001L2ZSHG,61.1111111111
2423, B003Y7YUOS,100.0
2424, B0077T2Z8C,84.6153846154
2425, B005245E2I,100.0
2426, B002JP7JMG,0
2427, B006NO1SVM,97.619047619
2428, 6300216063,80.0
2429, 6305941793,85.0
2430, B000ICZD7K,93.6936936937
2431, 6305627401,41.717791411
2432, B000SVZIJO,54.8442906574
2433, B00000F5LQ,100.0
2434, B00000F5LN,100.0
2435, B002YA07RA,100.0
2436, B00009AOBJ,86.8421052632
2437, B000SVZIJY,74.358974359
2438, B0017APPXY,100.0
2439, B0000714HV,64.2857142857
2440, B0016OLXN2,66.0112359551
2441, B000NV0JF2,73.8983050847
2442, B001JI7WTO,67.2886937431
2443, B0080JT9PK,0
2444, B005CA4SJW,39.9542072124
2445, 6305327033,40.3225806452
2446, B00284EMI2,96.0
2447, 1578482100,93.125
2448, 6305215405,68.4931506849
2449, B001MYIQIG,100.0
2450, 1598130072,85.3658536585
2451, B000068TTH,71.0382513661
2452, B000WE5I4W,86.8421052632
2453, B0030N1Z8K,0
2454, B000U7KEUY,100.0
2455, B000DZ963Y,100.0
2456, 1573629804,25.0
2457, B003ORT7QO,68.4210526316
2458, B001609ST2,100.0
2459, B007NF02Q2,100.0
2460, B001068GF4,83.3333333333
2461, B0017LGQKO,41.3793103448
2462, B000FWHVGY,100.0
2463, B005CA4SJ2,69.8113207547
2464, B001KX504W,89.1304347826
2465, B001DCE514,100.0
2466, B00284EMIM,72.7272727273
2467, B00004WM5B,0.0
2468, B0000A14YO,100.0
2469, B00005UKKE,63.1284916201
2470, 6303464572,100.0
2471, B001MWUWS0,82.1428571429
2472, 6302045916,70.1030927835
2473, B001B8TUGU,100.0
2474, B000062XF2,89.6
2475, B000068TTF,83.8709677419
2476, B000YIGNCW,50.7507507508
2477, B000068TTE,83.8709677419
2478, 6301934229,89.4736842105
2479, B0014FL71Q,0
2480, 6303425321,100.0
2481, B006NO1SV2,97.8260869565
2482, 6302599687,100.0
2483, B0000CDUXM,78.0821917808
2484, B0016OKQSK,92.8571428571
2485, B0000CDUXK,85.5140186916
2486, B0000CDUXI,65.0793650794
2487, B00004TYXK,68.5981308411
2488, B0031Z5RWC,100.0
2489, B000EMF9BE,76.2088974855
2490, B0012XIGYQ,86.4864864865
2491, 1891716158,81.8181818182
2492, B000J3FBUW,61.6580310881
2493, B0042YY542,23.0769230769
2494, B007LPX9VY,100.0
2495, 6304277490,100.0
2496, B001U9BS38,61.4035087719
2497, B00008V3EX,93.3333333333
2498, B007MHK8G0,0
2499, B0012XIGYG,79.0
2500, B0042800WE,81.5789473684
2501, B000LC4ZF8,65.6488549618
2502, B00009KOY1,82.4324324324
2503, B000V2I234,37.5
2504, B001ELC6FG,54.9342105263
2505, 630156443X,88.2352941176
2506, B009CWWCYO,0
2507, B000Y59D72,0.0
2508, B000NKSGWG,100.0
2509, B000EQ47PY,0
2510, 6302760046,91.1572052402
2511, 1572528222,80.0
2512, B00009KOY7,13.0434782609
2513, B000V3IX82,72.2222222222
2514, B008PZZND6,64.552388599
2515, B0031DRVRS,82.1428571429
2516, B0000CDUX6,72.268907563
2517, 6302559537,90.625
2518, 6302555191,100.0
2519, B004HGHZQA,91.9540229885
2520, B0000CDUX0,70.8860759494
2521, B00004CTUN,80.46875
2522, B000VFH60Q,100.0
2523, 1573470937,100.0
2524, B000Z6RH32,100.0
2525, B00004WCM2,85.1239669421
2526, B000HRMEQY,52.6315789474
2527, B002U0Y6Y4,71.4285714286
2528, B002KHNFFI,96.1538461538
2529, B002FOFX8S,92.3076923077
2530, B001DDTDD8,83.3333333333
2531, B0012EM5GK,73.8095238095
2532, B0009HLD28,77.7777777778
2533, B000HRMEQO,100.0
2534, B001UW5994,86.25
2535, B00006L9XJ,45.1162790698
2536, 6303413277,100.0
2537, 0738920916,95.1807228916
2538, B0000A5BU7,91.6666666667
2539, B0000A5BU4,80.0
2540, B0000A5BU8,100.0
2541, B001L57ZZG,60.1713062099
2542, B000AM6OIK,0
2543, B000UP8836,76.9230769231
2544, B001L57ZZQ,60.1713062099
2545, B008O44K5U,0
2546, 0790741903,83.3333333333
2547, B0011FDVK4,82.3170731707
2548, 6301971604,68.0
2549, B002WYN78Y,100.0
2550, B008Y7CB94,53.0973451327
2551, B001OQCVCE,77.2727272727
2552, B0050QNO2K,0
2553, 6302751136,94.4606413994
2554, B0049UVAXS,75.0
2555, 0849986737,75.0
2556, B000UP883Q,80.0
2557, 6305236658,45.7142857143
2558, B001L57ZZ6,50.8875739645
2559, B000MQ58TU,0
2560, B00005QVUT,100.0
2561, B001ASQ9NS,0
2562, B000067NQM,77.2435897436
2563, B001UW599E,70.2898550725
2564, B00000ACXE,67.9245283019
2565, B000J6I0TI,47.3214285714
2566, B0000UX520,77.7777777778
2567, B004J0DQS0,100.0
2568, B0013UXW2Y,0
2569, B0009P42T6,0
2570, B0002B54P8,100.0
2571, 6305454280,21.4285714286
2572, B00005YTR8,83.9285714286
2573, B001DDTDDS,0
2574, B00005QVUI,0.0
2575, B003GC47YY,0
2576, B000BNKB0A,92.7272727273
2577, B00471TLZS,69.4204685573
2578, 6305812950,56.3636363636
2579, B004GJ1YCO,54.1244573082
2580, B005FV9OO2,51.4705882353
2581, B00112S8RS,65.1991614256
2582, 6300189570,0.0
2583, B00004CY2F,100.0
2584, B001BKH146,85.1851851852
2585, B001ELLC6A,81.9277108434
2586, B00008WFTV,65.2173913043
2587, B00004RXMK,75.2351097179
2588, B000SQDS2I,0
2589, B00101ZOSG,83.9285714286
2590, B000098ZQX,43.3333333333
2591, B00775YIO0,75.4098360656
2592, B000083ED1,81.3186813187
2593, B000O3HFX8,94.4444444444
2594, B000AXWH7Q,83.3333333333
2595, 1573625493,65.625
2596, B000083ED4,57.476635514
2597, B0009VNCWI,100.0
2598, B00020HBNW,0
2599, B0019M7KT2,41.5384615385
2600, B002NKMCXI,100.0
2601, B00004RF58,0
2602, B0000CDL9B,72.3684210526
2603, B00019G4GO,100.0
2604, B005CA4EKA,0
2605, B000JU9L06,66.6666666667
2606, B00004RF56,0
2607, B00004RF57,0
2608, B00004RF54,0
2609, B00004RF55,0
2610, 6304078145,54.0540540541
2611, B001G7Q0Z0,64.0946103141
2612, B00000JGOY,83.3333333333
2613, B00004CX1B,88.2352941176
2614, B00004RF5C,100.0
2615, B00004RF5F,100.0
2616, B004AN0CP6,86.4864864865
2617, B0035YKW0Q,32.0754716981
2618, 6303444369,90.9090909091
2619, B000083EDB,54.1776605101
2620, B001PPLJNQ,100.0
2621, 6305107815,100.0
2622, B000083EDI,96.9230769231
2623, B00004RF5S,97.9797979798
2624, B00000JGOG,82.0224719101
2625, B00798M8VK,0
2626, B000B86N0C,100.0
2627, B002G4RDAI,0.0
2628, B005IZLPMY,27.784607819
2629, 1888617047,94.2857142857
2630, B000068TTN,68.8524590164
2631, B00871C0DO,46.9008264463
2632, B0009Y2LTU,50.0
2633, 6301759389,87.5
2634, B000EHQ7Y2,79.3103448276
2635, 6304680104,95.3333333333
2636, B00015N4T8,96.4285714286
2637, 6303578020,90.9657320872
2638, B00004RFIK,78.8888888889
2639, B00004CY21,96.1538461538
2640, 6304234112,94.1176470588
2641, B00004CY26,62.599469496
2642, B002EAYDSY,57.1428571429
2643, B000JGD278,57.7586206897
2644, B0000CDL93,55.4321966693
2645, B000GJPL1S,86.3408521303
2646, B0010C54DU,90.0
2647, 6302181585,90.4761904762
2648, B0079K4XC0,33.3333333333
2649, B0022RAPRW,50.0
2650, B006TTC57C,39.6315789474
2651, B002PAD2HG,73.5294117647
2652, 6303566545,67.0588235294
2653, B0001EYTK2,53.1537450723
2654, B000MEYKFA,50.0
2655, B000GRUQL0,84.5394736842
2656, B000NCOMWC,85.7142857143
2657, 6302958741,33.3333333333
2658, B0022SP0JE,82.7511703277
2659, 6305829195,76.9230769231
2660, B004H8X2ZQ,61.0526315789
2661, B000EF817U,92.8571428571
2662, B004XWGZAU,75.0
2663, B005VMWOW4,0
2664, B000I14UTS,65.9192825112
2665, 6303864716,100.0
2666, 0767845234,77.4193548387
2667, B00015HX9A,83.6321122369
2668, B000YFX0E4,88.8888888889
2669, 6304493983,57.1428571429
2670, B000CIWXTG,92.3076923077
2671, B003Y5GMNC,75.0
2672, B00000F4KD,74.6527777778
2673, B00393SFSO,50.0
2674, B00015HX90,54.0310077519
2675, B0015EYIB2,50.9043927649
2676, 6305072469,100.0
2677, B000EXDRVM,55.7971014493
2678, B003Q6CX3M,0
2679, 0767804147,57.9268292683
2680, B0017OE7W0,100.0
2681, B0017HEY8Y,100.0
2682, B000PE0H0E,76.6304347826
2683, B0001EYTKM,65.0
2684, B002JN74XW,0
2685, B000Y7WGXS,96.4285714286
2686, B004BH1TN0,97.5609756098
2687, B000AABKYK,0.0
2688, B000E1NWPA,66.2621359223
2689, B005SGXX1Y,0
2690, B001I7HLTW,60.0
2691, B004VZKH26,0
2692, B004YM6IZ6,57.8014184397
2693, 0767040775,83.5616438356
2694, B0009CTVJU,86.8
2695, 6301967380,19.0476190476
2696, B00028G6AS,100.0
2697, 6301966732,85.4166666667
2698, B00004CXZQ,60.202020202
2699, B001ILFUDM,70.9065021357
2700, B000E85ZGC,100.0
2701, B000X2WZLW,70.5882352941
2702, B001NA60A0,62.1659634318
2703, B001ILFUDW,76.0
2704, B003YKDPAA,81.25
2705, 6303332153,100.0
2706, B00008HC96,100.0
2707, 0938045377,100.0
2708, B003O5MN1C,94.5652173913
2709, B0051MKN90,97.3684210526
2710, B003WF4574,0
2711, B0000TPAVK,10.5263157895
2712, B002D44SWC,75.6097560976
2713, B0006J27YW,25.0
2714, B0027AC9JG,80.0
2715, B00005UO5R,83.7209302326
2716, B004X4ROPS,42.8571428571
2717, B0028O9ZFM,72.0
2718, B005KCA33C,0
2719, B004CJQVLW,73.9837398374
2720, 0966199464,0
2721, B0019K06S6,84.6153846154
2722, 6305223300,100.0
2723, B0062MI5KM,70.0
2724, B000RNUFXC,68.1818181818
2725, B002YJE1BY,65.5737704918
2726, B000CDSS86,82.1739130435
2727, B000A2WMGS,83.3333333333
2728, B002PV0BOW,96.3099630996
2729, B001ILFUD2,56.7375886525
2730, B000H30CGW,100.0
2731, B0002A6CGE,85.7142857143
2732, B0030D9BCM,0
2733, B001BJO11I,93.3333333333
2734, B00152VO6G,0
2735, B00005LKL8,91.7647058824
2736, B000MM0LFA,0
2737, B00005LKL6,78.4277879342
2738, B000068TTL,52.5
2739, 6302662575,100.0
2740, B00281DXKS,100.0
2741, B00009W8KQ,100.0
2742, 6303160565,68.992248062
2743, B00009W8KT,100.0
2744, B00006JE0O,61.5384615385
2745, 6302388074,96.2962962963
2746, B001NRY6MW,100.0
2747, B00005V9I6,38.8888888889
2748, B00005V9I7,95.2380952381
2749, B0039ZAFEY,94.6428571429
2750, B00005V9I1,82.4242424242
2751, B00005V9I3,96.0
2752, B00007AJHW,85.0
2753, B0019ZO7M2,78.9377289377
2754, B0002IQN7Y,39.2857142857
2755, B003BRYA9G,100.0
2756, B00007AJHR,79.2452830189
2757, B001NRPR9S,0.0
2758, B000BNKB0K,100.0
2759, B000AQKUWC,59.7087378641
2760, B003E4B0F8,77.7777777778
2761, B002PQ1PBA,100.0
2762, B002C8YSG0,0
2763, 6300247597,66.6666666667
2764, B00026L920,78.5714285714
2765, B001ENWSAC,93.75
2766, B00026L92K,100.0
2767, 6303079792,90.5511811024
2768, B001NRY6M2,47.9400749064
2769, B000MV8AUO,0
2770, B00005V9IR,86.3636363636
2771, B0016J8LLY,0
2772, 6302739896,100.0
2773, 6302722586,66.6666666667
2774, B000FC2HNG,100.0
2775, B00005V9IE,100.0
2776, B0046ZE3NA,100.0
2777, B001MS7JEO,66.6666666667
2778, B00005V9IA,85.0
2779, B00005V9IB,71.4285714286
2780, 6305459541,93.6274509804
2781, B000MMMTAK,39.0038409119
2782, B000004BBB,60.0
2783, B00005V9IH,63.0363036304
2784, 6304364245,100.0
2785, B00005V9IK,48.5520640789
2786, B00011D1PE,89.1402714932
2787, B001CCY42U,88.2352941176
2788, B0009F7G30,70.7317073171
2789, B004G6ZPX6,66.6666666667
2790, B000B0WODU,49.3670886076
2791, B00096S3T0,73.9726027397
2792, B001CCY42K,32.1428571429
2793, B004FPE4BW,0
2794, B00004CRA0,33.1491712707
2795, B000GH3Q44,70.0
2796, B000065U36,59.7087378641
2797, B001CCY42A,40.0
2798, B00005LKLD,52.9247910864
2799, B000065U37,68.4782608696
2800, B00000G3CW,96.4285714286
2801, 6304377290,100.0
2802, B0002910TY,100.0
2803, B001HD5VU8,100.0
2804, B000065U33,100.0
2805, B00005BJPK,61.2612612613
2806, B0001LYFWC,0
2807, B000SRSWXC,86.6666666667
2808, B00005UO5Z,71.2068965517
2809, B0009BF5X2,71.4285714286
2810, B0009VNCWS,93.7219730942
2811, 6304928238,83.7209302326
2812, B006H2YZII,83.0508474576
2813, B004TPTFZI,51.0869565217
2814, 6303541178,0
2815, 6302479657,96.1538461538
2816, B00106S9TM,58.2417582418
2817, B00004RFI6,100.0
2818, B00004RFI7,0
2819, B000CIWXT6,64.5833333333
2820, B00004RFI5,66.6666666667
2821, B003SHYJJ0,55.8219178082
2822, B0019M7KTC,66.6666666667
2823, B000BD68AW,85.4545454545
2824, B002F4YG4K,81.4814814815
2825, B001LNPIWK,100.0
2826, B00004RFIF,89.4366197183
2827, B0030BYWMS,58.6206896552
2828, B0060D30PI,77.4193548387
2829, B0007ORDMW,90.9090909091
2830, B00170M2D0,80.0
2831, B00004RTCI,90.0
2832, B00284EM3C,70.8661417323
2833, B000YKI4OA,100.0
2834, 6302066980,100.0
2835, B0007TFIH4,88.8888888889
2836, B00331RHN6,93.1034482759
2837, B000VHVGM8,57.4712643678
2838, B000A59QTQ,60.2076124567
2839, B00351U934,84.2424242424
2840, B0001610QQ,95.2054794521
2841, B00005QIVL,0
2842, B001CUB9J8,100.0
2843, B000RO9Q04,46.1538461538
2844, B0016GOLRA,100.0
2845, B000A59QTG,0
2846, B004YSDZAG,58.267020336
2847, B004XSHQRU,0
2848, B0000C8AS7,61.5789473684
2849, B0000C8AS4,61.5789473684
2850, B000F2BWQ4,100.0
2851, B0007NMJZ4,85.7142857143
2852, B007NQNRPO,69.5652173913
2853, B009SJ3LHI,0.0
2854, B006NX9LDK,50.2024291498
2855, B003HFECN6,53.0797101449
2856, 080010255X,93.75
2857, B000067J2V,88.0
2858, B001OKQ7BG,90.7469342252
2859, B0072V6PPE,64.6209386282
2860, B00096S43U,81.8181818182
2861, B000055YXI,95.8333333333
2862, B000CNEELG,100.0
2863, B0007OP1A8,91.8918918919
2864, B00026L8DK,66.6666666667
2865, B000T7XFGU,71.1538461538
2866, 6304475152,93.75
2867, B001DBQAZY,100.0
2868, B003T1EMKQ,51.9230769231
2869, B000IZJRD8,66.6666666667
2870, B000OVLAB8,100.0
2871, B001OBAWKC,100.0
2872, B000DN5VYO,42.8571428571
2873, B00005JMZQ,56.9620253165
2874, B003F41T2Q,84.4444444444
2875, B00004RFIG,100.0
2876, B000065U3Q,93.0425752856
2877, B00005JMZK,60.2791878173
2878, B00005S80Z,75.4716981132
2879, B0001OGV3K,78.9473684211
2880, B00004CQFK,94.9602122016
2881, B008B1UINE,89.4117647059
2882, B0007OP1AS,100.0
2883, B000VHVGMI,58.0
2884, B000065U3L,75.0
2885, B003U6SJX6,77.7777777778
2886, B000065U3M,80.7570977918
2887, B006R9CBOG,95.2830188679
2888, B0007NMJZO,98.7179487179
2889, B0000C8ASG,61.5789473684
2890, B008PZZAB6,77.4530271399
2891, B00164E6HM,0.0
2892, B000MVDAHW,60.6741573034
2893, B0001K5GOO,70.5
2894, B0000C8ASK,61.5789473684
2895, B0081P6US2,66.6666666667
2896, B000065U3I,100.0
2897, B008LYCDW0,100.0
2898, B000065U3J,91.6666666667
2899, B006J6CEN0,100.0
2900, B001PHA6PQ,100.0
2901, B001PCJG3E,0
2902, B00005JLL1,66.9811320755
2903, 6302662257,66.6666666667
2904, B00429MLU2,92.8571428571
2905, B00004W221,49.1428571429
2906, 6302174899,74.3801652893
2907, B000TJ6PB0,57.3913043478
2908, 6304203985,83.3333333333
2909, 6305986398,100.0
2910, B000RMOF8O,88.6363636364
2911, B00005B7DN,48.5714285714
2912, B0000AUSI9,78.2945736434
2913, 6304677162,0.0
2914, B0001IXU3K,82.3529411765
2915, B00005B7DG,97.2222222222
2916, B00005CC6W,53.125
2917, B000FNNI3I,100.0
2918, B00096S43K,66.4179104478
2919, B00004RR8Z,66.8240850059
2920, B00005B7DP,70.7792207792
2921, B000BLAK76,68.75
2922, B0001BKBO8,96.0698689956
2923, B0000068DV,87.6543209877
2924, B001GBPZRU,80.5128205128
2925, B00005CC60,79.746835443
2926, B00005CC62,0
2927, B00005CC63,91.6666666667
2928, B000BDJEZ8,86.7924528302
2929, B0013UQUSM,100.0
2930, B00002EPGD,100.0
2931, B00020X8MA,76.25
2932, B000FVQYR2,75.0
2933, B0013UQUSW,100.0
2934, B000ICM5IU,100.0
2935, B00096S43A,62.962962963
2936, B002L5GDZI,52.8735632184
2937, B0019R3NDO,100.0
2938, B000ACLGK6,33.3333333333
2939, B0007LPS7W,68.2170542636
2940, B000BRBACE,100.0
2941, B000A0GXH4,94.7802197802
2942, 0955766818,50.0
2943, B000GDI2JM,0
2944, B00004CK9I,89.2592592593
2945, 6302373352,71.4285714286
2946, B003HMHBB4,91.6666666667
2947, B000WCN8TG,50.0
2948, B000LW7PLY,100.0
2949, 6303955746,96.875
2950, B000PY51RI,100.0
2951, B000063W82,52.9088050314
2952, B000BRBACY,100.0
2953, B00004WCM9,83.6333878887
2954, B000W12MWQ,84.0336134454
2955, B000OFOSOA,100.0
2956, B0041VEZVY,64.8484848485
2957, B00008FZHL,48.5714285714
2958, 6302806240,100.0
2959, 6301325842,0
2960, B000K14L9A,77.7777777778
2961, 6302790026,0
2962, 6304099037,92.0
2963, B000006B68,50.0
2964, B00005KI42,100.0
2965, B001BBXHLG,0
2966, B000ILYYY4,100.0
2967, B0007IO74U,57.6271186441
2968, 0790747324,83.3097595474
2969, B000JJRY7E,95.4022988506
2970, 1573624292,90.0
2971, B0050D5O9Y,0
2972, B000I2JSXA,0
2973, B001EI5BWE,74.0740740741
2974, B000VSDN1O,50.0
2975, B0007IO74A,82.8877005348
2976, 6302859433,0
2977, B001VYX91G,100.0
2978, B0007IO74K,95.0819672131
2979, B00008FZHF,66.6666666667
2980, 630436119X,45.8333333333
2981, B003DBEX6K,67.9837518464
2982, B00005UO5L,70.737913486
2983, B000WD54VK,0
2984, 1569942072,88.0
2985, 0966012224,60.0
2986, B001OODFBM,70.3703703704
2987, 0769720110,50.0
2988, B000VEF0LO,95.652173913
2989, B0038N9WKU,64.5027624309
2990, B000EYK41W,100.0
2991, B000GTLB6C,79.1044776119
2992, B004QSQMGS,74.2857142857
2993, B001F2JVSO,89.0030832477
2994, B002VVQ8SY,54.5454545455
2995, B000ILYYYE,22.2222222222
2996, B00064NP5C,93.1506849315
2997, B000ILYYYY,100.0
2998, B001NVNAL6,86.0696517413
2999, B00004RFIE,96.3302752294
3000, B004YI0GZI,100.0
3001, B003SHYYM2,66.9064748201
3002, B000AV71CO,53.8461538462
3003, B00064NP5M,90.4761904762
3004, B00347AGH8,66.6666666667
3005, B00000IC80,100.0
3006, B00004CZR4,70.737913486
3007, B003ZZ7TT2,100.0
3008, B0028O9VE2,48.2325216025
3009, B00004CZR1,75.5648975302
3010, B00004CZR2,75.5648975302
3011, B00004CZR3,70.737913486
3012, B001RNH7RI,83.9694656489
3013, B00005JMZA,72.8155339806
3014, B00000IC82,100.0
3015, B0001WTVAM,59.4594594595
3016, 0792846761,94.8051948052
3017, B000SNB5LC,0
3018, B0001DHSCE,93.4615384615
3019, B000J6I0TS,55.8219178082
3020, 6302921139,62.5
3021, B001P7DKHM,95.4545454545
3022, B00000IC89,87.5
3023, B001M3WPWK,85.8156028369
3024, B0000764K0,77.5510204082
3025, 6304390238,0.0
3026, B000SGHSV0,100.0
3027, 6301581598,53.8461538462
3028, B001NPD9OK,55.3571428571
3029, B000S8VCGA,100.0
3030, B000LQ80B4,100.0
3031, B007CU8PAI,74.4186046512
3032, B001NPD9OA,55.3571428571
3033, 0974913510,81.7204301075
3034, B00004CVX2,94.0594059406
3035, B001PTA34I,82.3529411765
3036, B007KCVDFM,100.0
3037, B0001DHSCO,95.4802259887
3038, B001MQYE1M,95.1219512195
3039, B004LQI0HE,39.9497487437
3040, B002IGUMRK,0.0
3041, B00379MVEO,36.0
3042, B003UAMWWQ,49.0909090909
3043, B00004CZRQ,59.498052791
3044, B00005Q409,94.1605839416
3045, B00004CZRS,57.1428571429
3046, B0002V7TKG,0
3047, 6301885597,0
3048, 6302629241,88.2352941176
3049, B00004CZRA,78.8235294118
3050, B000LMPNDQ,100.0
3051, B003Y5PF80,52.4940617577
3052, B00005UW7E,69.5443645084
3053, B00005AQ43,100.0
3054, B00005UW7I,75.7009345794
3055, B00005UW7H,65.9459459459
3056, B000A1ILAU,75.0
3057, B00005UW7J,100.0
3058, 630207505X,66.6666666667
3059, 1558801871,64.5161290323
3060, B000A1ILAK,94.2857142857
3061, 6304469284,100.0
3062, B000CQKZJS,100.0
3063, B0000E6FOQ,16.6666666667
3064, B0018PH3MY,96.6666666667
3065, B00005Y6YX,100.0
3066, 6303968902,50.0
3067, B000YRY81G,0.0
3068, B006OKOUX8,84.6153846154
3069, B000BTPVA4,85.0746268657
3070, B00005Y6YQ,94.0860215054
3071, B00005Y6YV,97.9591836735
3072, B00005Y6YW,100.0
3073, B000UU4IX0,60.5042016807
3074, B00005Y6YU,83.5443037975
3075, B00005Y6YJ,70.5467372134
3076, B00005Y6YK,82.1428571429
3077, B00005Y6YH,85.7142857143
3078, B00005Y6YN,80.0
3079, B00005Y6YO,0
3080, B00068S3VY,98.347107438
3081, B0018PH3MO,50.0
3082, B00005Y6YB,70.1965757768
3083, B00005Y6YC,83.6363636364
3084, B00005Y6YA,0
3085, B00005Y6YF,81.4814814815
3086, B0018PH3ME,100.0
3087, B00005Y6YE,64.4736842105
3088, B004ZUGFPA,100.0
3089, B001U3MR4S,45.9854014599
3090, B005UKFGWW,70.7692307692
3091, B001PA0ZAY,100.0
3092, B000BTPVAY,97.3509933775
3093, B00005Y6Y2,63.7401855817
3094, B00005Y6Y3,89.0909090909
3095, B00005Y6Y0,100.0
3096, 1889781053,100.0
3097, B0018PH3M4,57.2727272727
3098, B00005Y6Y7,54.5454545455
3099, B00005Y6Y4,87.0967741935
3100, B00005Y6Y5,100.0
3101, B003TLFCDC,50.0
3102, 6301744209,100.0
3103, 6300157423,100.0
3104, B0023S4A12,95.652173913
3105, 6300276554,92.8571428571
3106, B001RGG7EO,97.1428571429
3107, 6303482430,0
3108, B0009UZGHI,63.9344262295
3109, B00005AQ4X,84.2105263158
3110, B00005AQ4Y,0
3111, B00005AQ4G,0
3112, B00005AQ4C,90.0
3113, B004A8ZX0K,75.6756756757
3114, B00004CUYA,88.0
3115, 0780623096,100.0
3116, B0009UZGHS,89.6551724138
3117, B003VHELLI,0
3118, B001L2DTXG,51.4285714286
3119, B0009PW3QK,76.1904761905
3120, B00026L8E4,93.598615917
3121, 1557832854,66.6666666667
3122, 6302957532,100.0
3123, B0085Z3C0M,51.6129032258
3124, B000EQ5UHS,57.9352850539
3125, B004QM612O,54.7826086957
3126, B009VB7SR2,62.1276595745
3127, B0052IBFMW,50.0
3128, B000065FKL,36.2962962963
3129, 630252542X,90.6976744186
3130, B000CELOVI,62.7218934911
3131, B0045JL862,0
3132, B00116RCVW,70.0
3133, B007JOHX8W,69.5652173913
3134, B003QBMFZI,66.9902912621
3135, B0063FGFCS,18.4615384615
3136, B004V8ML7M,0
3137, B00005LKL7,62.1451104101
3138, 6301901274,79.5454545455
3139, B004H1UAJY,0
3140, 6305207763,81.25
3141, B007MJSYF0,46.4818763326
3142, B000B8I9VI,90.0
3143, B0007989J8,100.0
3144, B0037QM8YA,43.9172749392
3145, 6304276958,100.0
3146, 6304475691,100.0
3147, B0035Y8CYO,60.0
3148, B004S8UU4G,0
3149, B0007989JI,100.0
3150, B0016503VY,0
3151, 6300135233,93.75
3152, B00870YR7M,100.0
3153, B000T8G5KC,87.5
3154, B00000JNTS,58.064516129
3155, 6303014798,91.3043478261
3156, 6302044960,0
3157, B00004WCMJ,20.0
3158, B00000JNTU,0
3159, B00022PZJW,100.0
3160, B00026L8EY,92.0
3161, B0017CW5TO,92.3076923077
3162, B007N0SVHE,66.6666666667
3163, 0971052204,100.0
3164, B0076D06OO,0
3165, 6303283810,100.0
3166, 6303359329,83.3333333333
3167, B004I6CMS0,74.9340369393
3168, B006RXQ6FM,48.7483530962
3169, 0971156808,100.0
3170, B001AQT0VI,59.0457256461
3171, 0310582792,100.0
3172, 6300213153,100.0
3173, B0030ZOYW2,94.1176470588
3174, 0780621638,20.3703703704
3175, 6301173147,0
3176, B007JRTV52,50.7836308228
3177, B002U1LDLC,100.0
3178, B000I1V3MU,82.2580645161
3179, B003B2PQXU,100.0
3180, B000SW9SLW,84.2857142857
3181, 6302041325,83.1325301205
3182, B007Z8NYJ4,0
3183, B002SIW1NQ,0
3184, B000AYEIUE,100.0
3185, B000ICMF12,100.0
3186, B000LWYHAG,80.0
3187, B00358MGQA,100.0
3188, B000CNET20,0
3189, B00005YKVC,0
3190, 6301248546,0
3191, B002YJMMBA,58.4630350195
3192, B00005QC3X,90.243902439
3193, B0089VX0W2,90.9090909091
3194, B006HNRSFE,100.0
3195, B003QVVJY6,100.0
3196, B000ZNVFB0,100.0
3197, B0006HBV46,79.5918367347
3198, B00009YXGX,81.8181818182
3199, B004CNVJMY,100.0
3200, B008FPU7AA,93.3333333333
3201, B0009PVZPA,100.0
3202, B00009YXGR,57.1428571429
3203, B001NIC0A6,78.1659388646
3204, B00185J7KA,93.8144329897
3205, B00004WCMT,73.3112895607
3206, B000CQQI9O,92.5373134328
3207, B000W4CG60,79.5918367347
3208, B00028G4UU,100.0
3209, B003E7EKD4,0
3210, B004ZXW2PE,100.0
3211, B000GIWU9A,100.0
3212, B004GIV40W,100.0
3213, B001QH32CE,54.3428132206
3214, B001DDY6NU,90.9090909091
3215, 6303149073,100.0
3216, B0019F02W6,56.1643835616
3217, B002PNDFQG,61.0638297872
3218, B0035AO4WC,81.0344827586
3219, B000AMWIVM,48.9992301771
3220, 6304124759,100.0
3221, B000065K9E,84.7457627119
3222, B000PC72RM,100.0
3223, B000A88FA4,100.0
3224, B00129G5Y8,100.0
3225, B002C68WNC,65.7142857143
3226, B0001WTUZI,62.2950819672
3227, B000HC2LT4,43.75
3228, B0038QJ74S,0
3229, B0077PTWX2,71.1340206186
3230, 5559783986,80.3361344538
3231, B00004RR8F,69.7513812155
3232, 6303026818,83.3333333333
3233, B0000AQVNC,100.0
3234, B000LC3RXE,0
3235, B00133MKQ0,85.7142857143
3236, B0027GIZM0,100.0
3237, B000SNUNXI,92.8571428571
3238, B00000JVSV,0
3239, B0057O6IGO,47.2972972973
3240, 6301967917,73.8805970149
3241, B00157YQ3E,65.0259067358
3242, B00062IWRA,61.5384615385
3243, B00005NB9Z,92.0
3244, B0002CR05O,85.9459459459
3245, B004GGQMUQ,50.0
3246, B001H9I898,100.0
3247, B003Z0DCS4,92.5925925926
3248, B00502BGMO,0
3249, B001JL6UWQ,61.5384615385
3250, B002ZG8PYK,100.0
3251, B001A7X0XG,59.8576122673
3252, B002ZG8PYA,81.25
3253, B00007FSAB,70.0
3254, B004GGQMUG,80.0
3255, B002I7TJRS,22.2222222222
3256, B000AD23XO,85.3448275862
3257, B000BYRC74,80.9523809524
3258, B003Z0DCSY,66.6666666667
3259, B000LE1GEO,50.0
3260, B0044BZZQU,62.962962963
3261, B004EDS7JA,0
3262, 6305417377,91.5662650602
3263, 6300262545,85.7142857143
3264, B00062IWR0,100.0
3265, B0000DIZTN,93.75
3266, B00006AUMO,0
3267, B0038P1DA0,100.0
3268, B002Y5FKUE,72.0108695652
3269, B00000AEJD,51.8518518519
3270, B000ZLFALS,61.8932770576
3271, B000HWBU96,63.9175257732
3272, B001B0CY48,0.0
3273, B00008WJD0,27.7777777778
3274, B00008WJD1,91.6666666667
3275, B0026LYMJQ,100.0
3276, B0012Q3SYG,59.0277777778
3277, B005LAJ22Q,37.2991967871
3278, B000O76PYO,100.0
3279, B000RPPNUK,0
3280, 6302999014,100.0
3281, B00594MB2M,73.6842105263
3282, B000H5U6AC,98.8235294118
3283, B001J17HIC,50.0
3284, B00006AUM7,100.0
3285, 6301971493,100.0
3286, B005Q4CLK2,53.8461538462
3287, 6304972857,77.6271186441
3288, B0076Z4BBG,100.0
3289, B00077BOSS,100.0
3290, B001YU7XQO,80.0
3291, B00433TOWA,0
3292, B002HREYJW,100.0
3293, 6301882741,0
3294, B002J79OOK,82.4324324324
3295, B000SQFC2W,100.0
3296, B005T5OCLY,100.0
3297, B0038NBM6C,72.7272727273
3298, B005ZMUP8K,46.5180102916
3299, 1563311364,0
3300, B009QW6BXS,78.7709497207
3301, B000063W1R,68.5557586837
3302, B00000IC8E,90.0
3303, B002KQ6PII,95.3488372093
3304, 6301053044,87.5
3305, B00006JE0M,100.0
3306, B0007VY51C,100.0
3307, B003ZYF2YW,81.8181818182
3308, 1561270636,76.4705882353
3309, B0002V7TJM,75.0
3310, B00012FXJ0,81.6143497758
3311, B0001O3YCG,44.5652173913
3312, B005HS00V4,58.2524271845
3313, B00005CC65,79.7687861272
3314, B00005NKBK,91.4893617021
3315, B000QUU7MK,71.4285714286
3316, B001320RTI,66.6666666667
3317, B00005CC66,84.962406015
3318, B003BEE7JM,100.0
3319, B00006JE0A,74.375
3320, 6303561284,88.8888888889
3321, B005ADQV0U,0
3322, B0002V7TJW,75.0
3323, B00000IC8J,95.041322314
3324, B002PSXS54,84.8837209302
3325, B006QF0SDM,100.0
3326, B002SEQ8ZM,39.1624482283
3327, B003HC9JI2,0
3328, B005T5OCL4,81.8181818182
3329, B000KGGJ0E,77.7777777778
3330, B0034ZDUK0,33.3333333333
3331, B009AJ2DS4,69.2307692308
3332, B0016CP36C,50.0
3333, B000VEA3GG,100.0
3334, B00005U8ER,76.8472906404
3335, B0017QCY5A,100.0
3336, B001E6JCBC,78.3783783784
3337, B000ZKB072,0.0
3338, B0002I82XW,83.660130719
3339, B00319HT9W,70.3125
3340, B00000IBNW,100.0
3341, 0800128001,43.75
3342, B0009OK7ZA,100.0
3343, B006Z21ZEW,49.1803278689
3344, 0793903335,76.4705882353
3345, B000BNXD28,75.0
3346, B00319HT9C,56.25
3347, B003X3BYJW,100.0
3348, B00127SQHO,91.1572052402
3349, B000E1YVZ0,94.7368421053
3350, B0030FT96S,100.0
3351, B000W7Y6F6,94.1176470588
3352, B001OEVZHS,78.4409257004
3353, B002KFSVJU,62.7118644068
3354, B0009OL8GM,92.3076923077
3355, B008LCRA98,47.0666666667
3356, B001PTP3J8,100.0
3357, B009M8EA3Y,0.0
3358, B00018D3XW,77.4451097804
3359, B000P0QZCC,80.0
3360, B000J3FBU2,50.0
3361, B00022PYRK,100.0
3362, B00007F8O8,100.0
3363, B0016PT95A,0
3364, B0038ZWS40,86.3636363636
3365, B001DLSE08,77.7777777778
3366, B000J3FBUM,75.8620689655
3367, B0007Y08OM,79.0262172285
3368, B0031Z5RWW,33.3333333333
3369, 6302420709,0
3370, 6305176299,78.0058651026
3371, 1573307319,100.0
3372, B0009KQOLA,90.0
3373, B000KJTGG0,98.3870967742
3374, 6305538409,56.25
3375, 6305046204,66.6666666667
3376, 0307142450,83.660130719
3377, B000WPIVHW,82.1428571429
3378, B0001BMMEA,50.0
3379, B002FLZKAM,72.9508196721
3380, B000077VQP,63.7362637363
3381, B002HPKR5E,90.9090909091
3382, B001EWV05C,100.0
3383, B001HL012I,0
3384, B000ELL1TE,63.7119113573
3385, B005WJVW1A,100.0
3386, B000WCN8T6,97.520661157
3387, B00023BL80,50.0
3388, 6305754276,100.0
3389, B0013BXW6E,62.5
3390, B00009PBXO,77.7777777778
3391, B00009PBXL,83.3333333333
3392, B0049GYXG8,100.0
3393, B001QB5SCM,69.2431561997
3394, B00004CTKT,77.4869109948
3395, B000EOU4N0,100.0
3396, B000OIOXQK,96.6666666667
3397, B0077T5SS6,100.0
3398, B0041KT3P8,49.4435612083
3399, B00009PBXZ,78.2608695652
3400, 6302510163,100.0
3401, B00009PBXY,100.0
3402, B008QTUUZ2,100.0
3403, B00009PBXU,80.0
3404, B00009PBXS,71.4285714286
3405, B00009PBXP,45.4545454545
3406, 6303608051,83.044982699
3407, B0001YJBIM,85.7142857143
3408, B00004RU1F,51.1494252874
3409, B000G7PO6W,72.2084367246
3410, B00004RU1C,70.3846153846
3411, B003EYVXT6,51.6578249337
3412, B0010XZCUO,78.3783783784
3413, B000077VQD,62.2222222222
3414, B00008HC97,76.0
3415, B0001YJBIC,82.3529411765
3416, B00284EM3M,100.0
3417, B00004RU1W,93.4343434343
3418, B003ZJU92M,62.7118644068
3419, 6304198493,60.6194690265
3420, B00004RU1P,68.9354275742
3421, B000B9E2MC,88.2352941176
3422, 6301092643,100.0
3423, 6304031831,94.966442953
3424, B005HIBWR0,44.4444444444
3425, B000BH1PQU,0
3426, B000G7PO6M,80.8297567954
3427, B004VGH63I,100.0
3428, B000K8CM4Y,79.4238683128
3429, 6305581959,50.0
3430, B000X06YY8,100.0
3431, 076013393X,100.0
3432, B00022KJ02,100.0
3433, B000UUCU4E,0
3434, B000056N8U,91.4634146341
3435, B000MGAHWS,100.0
3436, B000ROAPTA,75.9124087591
3437, B00004RU16,97.2677595628
3438, B00008HC9N,85.1351351351
3439, B00004RU18,100.0
3440, 6304493827,100.0
3441, B00005QIVG,100.0
3442, B00005AAE7,47.6744186047
3443, B0049GYXGS,80.0
3444, B00005QIVM,33.3333333333
3445, 1559408871,60.2620087336
3446, B001CCMLR0,33.3333333333
3447, B000NVL49W,90.9420289855
3448, B009OJ3TEW,60.0
3449, B00009PBX1,100.0
3450, B0000U0X20,70.0
3451, B0001G6PZC,61.9686800895
3452, B0000TA6HS,100.0
3453, B001IHYZRI,33.3333333333
3454, B000089RTK,100.0
3455, B000OZQUCI,0
3456, B0000TA6HI,76.9230769231
3457, B000089RTW,96.875
3458, B003MJZ07E,66.4233576642
3459, B0007Z9RCU,61.1940298507
3460, B004EFBRMC,56.3106796117
3461, B0007YXPCY,100.0
3462, B000ID1Q02,85.7142857143
3463, 6304580878,35.7142857143
3464, B000U0F0IM,0
3465, B001IQDAIO,0
3466, B00005QCU0,93.3333333333
3467, 6303686516,90.4761904762
3468, B000H6SXKQ,100.0
3469, B0074B7LZK,90.0
3470, 6303038956,69.8795180723
3471, 630230850X,79.3333333333
3472, B007T40EYM,66.6666666667
3473, B000056N8G,0
3474, B000JGWCYM,84.7826086957
3475, B00107A9U8,75.5555555556
3476, B001G55JDQ,90.0
3477, 0792296176,100.0
3478, B003498S2Q,100.0
3479, B000007PA3,0
3480, B0006GC3MQ,82.3529411765
3481, B004W4EO1G,0
3482, B0006IGWNU,67.0886075949
3483, B00005AB92,100.0
3484, B00005AWQG,100.0
3485, B0044WQIM4,62.7906976744
3486, 6305306141,78.0487804878
3487, B00004U8KV,60.8695652174
3488, B00028G74S,92.3076923077
3489, 6303224415,83.3333333333
3490, 6303102883,25.0
3491, 6300133648,85.0
3492, B002X07SBO,0
3493, B001IQDAI4,100.0
3494, B00005U8EN,85.0931677019
3495, 6305908028,95.5056179775
3496, B00004WCMK,100.0
3497, B000YQUXOI,100.0
3498, B000WX5KA0,62.0589936379
3499, B000056AWF,100.0
3500, B004MUG3U0,0
3501, B002WNU0QM,91.3043478261
3502, 630535765X,71.4285714286
3503, B0006HBJK2,100.0
3504, B00004WCMU,52.1739130435
3505, B00004WCMS,61.8025751073
3506, B001CK3KMW,72.7272727273
3507, B0000VD0AG,96.2962962963
3508, B0096UG82E,50.0
3509, B001GSV3DI,89.7435897436
3510, B004BPGQYO,78.9013732834
3511, B000Y9Z610,0
3512, B000E3L7E6,63.3165829146
3513, B00321PKT0,100.0
3514, B004S8UU4Q,66.6666666667
3515, B005TK23EW,90.9090909091
3516, B007Q3QUEO,0
3517, B000624D0K,93.3884297521
3518, B0015SRTKA,60.0
3519, B000VZAV62,92.2222222222
3520, B0007TKGW6,54.6255506608
3521, B0024SPCFE,52.1825396825
3522, B000NY1E9O,100.0
3523, B000624D0U,93.3884297521
3524, B0010YSDAE,68.0769230769
3525, B0007GP6T2,88.2352941176
3526, 1573472050,45.4545454545
3527, B0010YSDAO,80.1608579088
3528, B001AS0NU8,100.0
3529, 1885239092,100.0
3530, B000H6SY3M,69.5652173913
3531, 6303257933,37.5675675676
3532, 6304288875,90.0
3533, B000NY1E9Y,100.0
3534, B00000I7YM,100.0
3535, B0001FVDSW,86.8421052632
3536, B003K05DQS,46.294881589
3537, B003XKQ62A,73.0769230769
3538, 6301723465,72.5190839695
3539, B004AUUDU8,87.9120879121
3540, B003B30JHM,78.3582089552
3541, B000I9WVS2,57.5163398693
3542, B000G8NXVO,100.0
3543, B000SQFC2M,72.6688102894
3544, 6301931629,92.9515418502
3545, B008EM1GW2,0
3546, B001UHXL5S,100.0
3547, B00005RT3E,80.0
3548, B00029NM40,64.2857142857
3549, B000XJSL9U,60.7954545455
3550, B000053VQH,78.3783783784
3551, B0010YSDA4,79.6526054591
3552, B000BZISVM,44.8275862069
3553, B00004R76F,69.1729323308
3554, B000NY1E94,46.0966542751
3555, B000E3L7EG,66.9902912621
3556, B000F2CA88,66.6666666667
3557, B000NIJ3GQ,80.0
3558, B00004WCMB,69.2167577413
3559, B003HIA9LW,75.0
3560, 6302038545,0
3561, B000PY52CW,69.1780821918
3562, B000E3L7EQ,82.4561403509
3563, B000UJNJDQ,60.0
3564, B003X1NZ1Y,89.6103896104
3565, B000053VQE,85.9793814433
3566, 5555292082,60.3896103896
3567, B000053VQI,94.7368421053
3568, 1561277673,100.0
